Date,Team 1,Team 2,FT,HT
2008-08-09,Accrington,Aldershot,0-1,0-1
2008-08-09,Barnet,Chesterfield,1-3,1-0
2008-08-09,Bournemouth,Gillingham,1-1,1-0
2008-08-09,Bradford,Notts County,2-1,1-0
2008-08-09,Bury,Brentford,1-0,1-0
2008-08-09,Dag and Red,Chester,6-0,2-0
2008-08-09,Darlington,Exeter,1-1,1-0
2008-08-09,Grimsby,Rochdale,0-0,0-0
2008-08-09,Luton,Port Vale,1-3,1-2
2008-08-09,Rotherham,Lincoln,1-0,1-0
2008-08-09,Shrewsbury,Macclesfield,4-0,1-0
2008-08-09,Wycombe,Morecambe,1-1,1-0
2008-08-16,Aldershot,Bournemouth,1-1,0-0
2008-08-16,Brentford,Grimsby,4-0,3-0
2008-08-16,Chester,Wycombe,0-2,0-1
2008-08-16,Chesterfield,Bury,1-3,0-3
2008-08-16,Exeter,Shrewsbury,0-1,0-0
2008-08-16,Gillingham,Luton,0-1,0-1
2008-08-16,Lincoln,Dag and Red,1-3,1-0
2008-08-16,Macclesfield,Bradford,0-2,0-2
2008-08-16,Morecambe,Rotherham,1-3,0-2
2008-08-16,Notts County,Darlington,0-0,0-0
2008-08-16,Port Vale,Accrington,0-2,0-1
2008-08-16,Rochdale,Barnet,3-1,2-1
2008-08-23,Accrington,Macclesfield,2-0,0-0
2008-08-23,Barnet,Brentford,0-1,0-1
2008-08-23,Bournemouth,Exeter,0-1,0-0
2008-08-23,Bradford,Rochdale,2-0,2-0
2008-08-23,Bury,Morecambe,2-1,2-1
2008-08-23,Dag and Red,Port Vale,1-1,1-1
2008-08-23,Darlington,Gillingham,1-2,0-1
2008-08-23,Grimsby,Chesterfield,0-1,0-1
2008-08-23,Luton,Notts County,1-1,0-0
2008-08-23,Rotherham,Chester,3-1,3-1
2008-08-23,Shrewsbury,Aldershot,1-0,0-0
2008-08-23,Wycombe,Lincoln,1-0,1-0
2008-08-30,Aldershot,Bradford,3-2,0-1
2008-08-30,Brentford,Rotherham,0-0,0-0
2008-08-30,Chester,Barnet,5-1,1-0
2008-08-30,Chesterfield,Wycombe,0-1,0-1
2008-08-30,Exeter,Luton,0-1,0-0
2008-08-30,Gillingham,Accrington,1-0,0-0
2008-08-30,Lincoln,Grimsby,1-1,0-1
2008-08-30,Macclesfield,Darlington,0-6,0-1
2008-08-30,Morecambe,Dag and Red,1-2,0-0
2008-08-30,Notts County,Shrewsbury,2-2,1-0
2008-08-30,Port Vale,Bournemouth,3-1,1-0
2008-08-30,Rochdale,Bury,1-1,0-1
2008-09-06,Aldershot,Darlington,2-1,2-1
2008-09-06,Brentford,Dag and Red,2-1,2-0
2008-09-06,Chester,Bury,1-1,1-0
2008-09-06,Chesterfield,Rotherham,1-0,0-0
2008-09-06,Exeter,Accrington,2-1,1-1
2008-09-06,Gillingham,Grimsby,3-0,1-0
2008-09-06,Lincoln,Barnet,2-0,0-0
2008-09-06,Macclesfield,Luton,2-1,1-0
2008-09-06,Morecambe,Shrewsbury,1-0,1-0
2008-09-06,Notts County,Bournemouth,1-1,1-1
2008-09-06,Port Vale,Bradford,0-2,0-1
2008-09-06,Rochdale,Wycombe,0-1,0-1
2008-09-13,Accrington,Notts County,1-1,0-0
2008-09-13,Barnet,Morecambe,1-1,1-1
2008-09-13,Bournemouth,Macclesfield,0-1,0-1
2008-09-13,Bradford,Exeter,4-1,0-1
2008-09-13,Bury,Lincoln,3-1,1-1
2008-09-13,Dag and Red,Chesterfield,3-0,1-0
2008-09-13,Darlington,Port Vale,2-1,1-1
2008-09-13,Grimsby,Chester,1-3,0-1
2008-09-13,Luton,Aldershot,3-1,1-0
2008-09-13,Rotherham,Rochdale,2-2,0-1
2008-09-13,Shrewsbury,Gillingham,7-0,4-0
2008-09-13,Wycombe,Brentford,0-0,0-0
2008-09-20,Aldershot,Gillingham,2-1,0-0
2008-09-20,Barnet,Bury,1-2,0-0
2008-09-20,Bradford,Bournemouth,1-3,1-1
2008-09-20,Brentford,Lincoln,1-1,1-1
2008-09-20,Darlington,Accrington,3-0,1-0
2008-09-20,Exeter,Notts County,2-2,1-0
2008-09-20,Morecambe,Grimsby,1-1,0-1
2008-09-20,Port Vale,Macclesfield,1-4,1-1
2008-09-20,Rochdale,Chesterfield,2-1,0-0
2008-09-20,Rotherham,Luton,1-0,0-0
2008-09-20,Wycombe,Dag and Red,2-1,1-0
2008-09-21,Chester,Shrewsbury,1-1,1-1
2008-09-27,Bournemouth,Darlington,3-1,2-1
2008-09-27,Bury,Wycombe,0-0,0-0
2008-09-27,Chesterfield,Brentford,0-1,0-1
2008-09-27,Dag and Red,Rotherham,1-1,0-0
2008-09-27,Gillingham,Port Vale,1-0,1-0
2008-09-27,Grimsby,Barnet,0-1,0-1
2008-09-27,Lincoln,Morecambe,1-1,1-1
2008-09-27,Luton,Chester,1-1,1-0
2008-09-27,Macclesfield,Exeter,1-4,1-2
2008-09-27,Notts County,Aldershot,2-1,0-0
2008-09-27,Shrewsbury,Bradford,2-0,1-0
2008-09-28,Accrington,Rochdale,1-3,1-1
2008-10-04,Aldershot,Bury,3-3,0-2
2008-10-04,Barnet,Accrington,2-1,1-1
2008-10-04,Bradford,Luton,1-1,0-0
2008-10-04,Brentford,Macclesfield,1-0,1-0
2008-10-04,Chester,Lincoln,0-2,0-1
2008-10-04,Darlington,Shrewsbury,1-1,0-0
2008-10-04,Exeter,Gillingham,3-0,3-0
2008-10-04,Morecambe,Chesterfield,2-2,1-2
2008-10-04,Port Vale,Notts County,1-2,0-1
2008-10-04,Rochdale,Dag and Red,0-2,0-1
2008-10-04,Rotherham,Grimsby,4-1,0-1
2008-10-04,Wycombe,Bournemouth,3-1,1-0
2008-10-10,Dag and Red,Barnet,2-0,1-0
2008-10-10,Lincoln,Rochdale,1-1,0-1
2008-10-11,Accrington,Bradford,2-3,1-0
2008-10-11,Bournemouth,Rotherham,0-0,0-0
2008-10-11,Bury,Exeter,0-1,0-1
2008-10-11,Chesterfield,Chester,1-1,0-1
2008-10-11,Gillingham,Morecambe,5-0,3-0
2008-10-11,Grimsby,Wycombe,1-1,1-0
2008-10-11,Luton,Darlington,1-2,1-1
2008-10-11,Macclesfield,Aldershot,4-2,0-0
2008-10-11,Shrewsbury,Port Vale,1-2,0-1
2008-10-13,Notts County,Brentford,1-1,0-1
2008-10-18,Aldershot,Brentford,1-1,1-0
2008-10-18,Bradford,Gillingham,2-2,2-0
2008-10-18,Dag and Red,Bury,1-3,0-2
2008-10-18,Exeter,Grimsby,0-0,0-0
2008-10-18,Lincoln,Chesterfield,3-1,2-0
2008-10-18,Luton,Accrington,1-2,1-1
2008-10-18,Morecambe,Rochdale,1-1,0-1
2008-10-18,Notts County,Macclesfield,1-1,0-0
2008-10-18,Rotherham,Barnet,3-4,1-2
2008-10-18,Shrewsbury,Bournemouth,4-1,3-0
2008-10-18,Wycombe,Darlington,1-1,0-0
2008-10-19,Chester,Port Vale,1-2,0-1
2008-10-20,Darlington,Bradford,2-1,0-0
2008-10-21,Accrington,Shrewsbury,2-1,2-0
2008-10-21,Barnet,Wycombe,1-1,1-0
2008-10-21,Bournemouth,Dag and Red,2-1,2-0
2008-10-21,Brentford,Morecambe,3-1,3-1
2008-10-21,Bury,Rotherham,1-2,1-2
2008-10-21,Gillingham,Notts County,2-2,1-0
2008-10-21,Grimsby,Luton,2-2,1-1
2008-10-21,Macclesfield,Lincoln,1-2,1-1
2008-10-21,Port Vale,Exeter,1-3,0-2
2008-10-21,Rochdale,Chester,6-1,2-0
2008-10-22,Chesterfield,Aldershot,5-1,2-0
2008-10-24,Grimsby,Bradford,1-3,0-2
2008-10-25,Accrington,Wycombe,0-1,0-0
2008-10-25,Barnet,Exeter,0-1,0-0
2008-10-25,Bournemouth,Lincoln,0-1,0-1
2008-10-25,Brentford,Shrewsbury,1-1,0-0
2008-10-25,Bury,Luton,1-2,0-2
2008-10-25,Chesterfield,Notts County,3-1,1-0
2008-10-25,Darlington,Dag and Red,3-0,1-0
2008-10-25,Gillingham,Chester,2-0,0-0
2008-10-25,Macclesfield,Rotherham,1-2,0-1
2008-10-25,Port Vale,Morecambe,2-1,0-0
2008-10-25,Rochdale,Aldershot,3-1,1-0
2008-10-28,Aldershot,Port Vale,1-0,1-0
2008-10-28,Bradford,Bury,1-0,0-0
2008-10-28,Chester,Brentford,3-0,1-0
2008-10-28,Dag and Red,Grimsby,4-0,2-0
2008-10-28,Exeter,Chesterfield,1-6,0-2
2008-10-28,Lincoln,Gillingham,2-0,2-0
2008-10-28,Morecambe,Accrington,1-1,0-1
2008-10-28,Notts County,Rochdale,1-2,0-0
2008-10-28,Rotherham,Darlington,0-1,0-0
2008-10-28,Shrewsbury,Barnet,2-2,2-2
2008-11-01,Bournemouth,Chesterfield,1-1,0-1
2008-11-01,Bradford,Barnet,3-3,3-2
2008-11-01,Brentford,Rochdale,1-2,0-2
2008-11-01,Dag and Red,Accrington,0-0,0-0
2008-11-01,Exeter,Chester,2-0,1-0
2008-11-01,Grimsby,Darlington,1-2,0-2
2008-11-01,Lincoln,Port Vale,0-1,0-1
2008-11-01,Macclesfield,Gillingham,0-1,0-1
2008-11-01,Morecambe,Aldershot,2-0,0-0
2008-11-01,Notts County,Bury,0-1,0-0
2008-11-01,Rotherham,Wycombe,0-0,0-0
2008-11-01,Shrewsbury,Luton,3-0,1-0
2008-11-14,Chesterfield,Shrewsbury,2-2,0-1
2008-11-15,Accrington,Bournemouth,3-0,3-0
2008-11-15,Aldershot,Exeter,1-0,0-0
2008-11-15,Barnet,Notts County,0-4,0-4
2008-11-15,Bury,Grimsby,0-2,0-2
2008-11-15,Chester,Morecambe,1-2,0-1
2008-11-15,Darlington,Lincoln,2-0,0-0
2008-11-15,Gillingham,Rotherham,4-0,1-0
2008-11-15,Luton,Dag and Red,2-1,2-1
2008-11-15,Port Vale,Brentford,0-3,0-1
2008-11-15,Rochdale,Macclesfield,1-1,0-0
2008-11-15,Wycombe,Bradford,1-0,0-0
2008-11-21,Grimsby,Bournemouth,3-3,2-1
2008-11-22,Barnet,Macclesfield,1-3,0-1
2008-11-22,Brentford,Darlington,1-1,0-0
2008-11-22,Bury,Gillingham,4-0,2-0
2008-11-22,Chester,Aldershot,0-1,0-0
2008-11-22,Chesterfield,Accrington,1-1,1-0
2008-11-22,Dag and Red,Notts County,6-1,3-0
2008-11-22,Lincoln,Shrewsbury,0-0,0-0
2008-11-22,Morecambe,Exeter,1-1,1-0
2008-11-22,Rochdale,Luton,2-0,1-0
2008-11-22,Rotherham,Bradford,0-2,0-0
2008-11-22,Wycombe,Port Vale,4-2,2-0
2008-11-25,Aldershot,Lincoln,2-0,1-0
2008-11-25,Bournemouth,Morecambe,0-0,0-0
2008-11-25,Bradford,Chesterfield,3-2,2-2
2008-11-25,Darlington,Chester,1-2,1-1
2008-11-25,Exeter,Rotherham,1-1,1-0
2008-11-25,Gillingham,Rochdale,1-1,1-0
2008-11-25,Luton,Brentford,0-1,0-1
2008-11-25,Macclesfield,Grimsby,1-0,0-0
2008-11-25,Notts County,Wycombe,0-2,0-0
2008-11-25,Port Vale,Barnet,0-0,0-0
2008-11-25,Shrewsbury,Dag and Red,2-1,0-0
2008-11-29,Accrington,Bury,1-2,0-2
2008-12-02,Luton,Bournemouth,3-3,1-1
2008-12-02,Wycombe,Macclesfield,4-0,2-0
2008-12-06,Aldershot,Wycombe,3-2,2-0
2008-12-06,Bournemouth,Chester,1-0,0-0
2008-12-06,Bradford,Dag and Red,1-1,0-0
2008-12-06,Exeter,Lincoln,2-1,0-0
2008-12-06,Gillingham,Chesterfield,2-1,2-0
2008-12-06,Luton,Barnet,3-1,2-1
2008-12-06,Macclesfield,Bury,1-1,1-1
2008-12-06,Notts County,Morecambe,1-0,1-0
2008-12-06,Port Vale,Grimsby,2-1,1-0
2008-12-06,Shrewsbury,Rotherham,1-0,0-0
2008-12-12,Chesterfield,Macclesfield,2-4,1-2
2008-12-12,Lincoln,Accrington,5-1,0-1
2008-12-13,Barnet,Gillingham,2-2,0-0
2008-12-13,Brentford,Bradford,2-1,0-0
2008-12-13,Bury,Port Vale,3-0,3-0
2008-12-13,Chester,Notts County,2-0,1-0
2008-12-13,Grimsby,Shrewsbury,1-0,0-0
2008-12-13,Morecambe,Darlington,1-0,0-0
2008-12-13,Rochdale,Bournemouth,1-1,0-1
2008-12-13,Wycombe,Luton,0-0,0-0
2008-12-20,Accrington,Rotherham,1-3,1-2
2008-12-20,Aldershot,Grimsby,2-2,0-2
2008-12-20,Bournemouth,Bury,2-0,2-0
2008-12-20,Bradford,Chester,0-0,0-0
2008-12-20,Darlington,Barnet,2-2,2-1
2008-12-20,Exeter,Rochdale,4-1,2-0
2008-12-20,Gillingham,Brentford,1-1,0-1
2008-12-20,Luton,Morecambe,1-1,0-0
2008-12-20,Macclesfield,Dag and Red,0-4,0-3
2008-12-20,Notts County,Lincoln,0-1,0-1
2008-12-20,Port Vale,Chesterfield,0-1,0-0
2008-12-20,Shrewsbury,Wycombe,0-1,0-0
2008-12-26,Barnet,Aldershot,0-3,0-1
2008-12-26,Brentford,Bournemouth,2-0,2-0
2008-12-26,Bury,Darlington,2-2,1-1
2008-12-26,Chester,Accrington,2-0,1-0
2008-12-26,Chesterfield,Luton,2-2,1-0
2008-12-26,Dag and Red,Gillingham,2-0,1-0
2008-12-26,Grimsby,Notts County,0-1,0-1
2008-12-26,Lincoln,Bradford,0-0,0-0
2008-12-26,Morecambe,Macclesfield,4-1,2-1
2008-12-26,Rochdale,Shrewsbury,2-1,0-0
2008-12-26,Rotherham,Port Vale,1-0,0-0
2008-12-26,Wycombe,Exeter,1-1,1-0
2008-12-28,Accrington,Grimsby,3-1,1-1
2008-12-28,Aldershot,Dag and Red,1-2,1-1
2008-12-28,Bournemouth,Barnet,0-2,0-1
2008-12-28,Bradford,Morecambe,4-0,1-0
2008-12-28,Darlington,Chesterfield,0-0,0-0
2008-12-28,Exeter,Brentford,0-2,0-0
2008-12-28,Gillingham,Wycombe,1-1,0-1
2008-12-28,Luton,Lincoln,3-2,2-1
2008-12-28,Macclesfield,Chester,3-1,1-0
2008-12-28,Notts County,Rotherham,0-3,0-1
2008-12-28,Port Vale,Rochdale,2-1,0-0
2008-12-28,Shrewsbury,Bury,1-0,0-0
2009-01-03,Bradford,Shrewsbury,0-0,0-0
2009-01-03,Darlington,Bournemouth,2-1,0-1
2009-01-03,Rochdale,Accrington,3-1,1-1
2009-01-03,Rotherham,Dag and Red,1-1,0-0
2009-01-03,Wycombe,Bury,2-1,1-0
2009-01-10,Bury,Barnet,1-0,1-0
2009-01-10,Lincoln,Brentford,2-2,1-2
2009-01-10,Notts County,Exeter,2-1,2-1
2009-01-13,Chester,Luton,2-2,1-2
2009-01-17,Aldershot,Macclesfield,1-1,0-1
2009-01-17,Barnet,Dag and Red,1-1,1-0
2009-01-17,Bradford,Accrington,1-1,0-1
2009-01-17,Brentford,Notts County,1-1,0-1
2009-01-17,Chester,Chesterfield,1-3,0-1
2009-01-17,Darlington,Luton,5-1,4-1
2009-01-17,Exeter,Bury,0-0,0-0
2009-01-17,Morecambe,Gillingham,0-1,0-1
2009-01-17,Port Vale,Shrewsbury,1-1,1-1
2009-01-17,Rochdale,Lincoln,2-2,1-0
2009-01-17,Rotherham,Bournemouth,1-0,1-0
2009-01-17,Wycombe,Grimsby,0-1,0-1
2009-01-20,Aldershot,Notts County,2-2,1-0
2009-01-20,Dag and Red,Exeter,1-2,1-1
2009-01-20,Port Vale,Gillingham,1-3,1-0
2009-01-24,Accrington,Barnet,1-1,0-1
2009-01-24,Bournemouth,Wycombe,3-1,2-1
2009-01-24,Bury,Aldershot,2-1,2-0
2009-01-24,Chesterfield,Morecambe,1-2,0-0
2009-01-24,Dag and Red,Rochdale,3-2,1-2
2009-01-24,Gillingham,Exeter,1-0,0-0
2009-01-24,Grimsby,Rotherham,3-0,0-0
2009-01-24,Lincoln,Chester,1-1,0-1
2009-01-24,Luton,Bradford,3-3,2-0
2009-01-24,Macclesfield,Brentford,2-0,1-0
2009-01-24,Notts County,Port Vale,4-2,1-0
2009-01-24,Shrewsbury,Darlington,1-0,1-0
2009-01-27,Accrington,Morecambe,1-0,0-0
2009-01-27,Barnet,Shrewsbury,0-0,0-0
2009-01-27,Bournemouth,Luton,1-1,1-1
2009-01-27,Brentford,Aldershot,3-0,2-0
2009-01-27,Bury,Bradford,1-0,0-0
2009-01-27,Darlington,Rotherham,1-0,1-0
2009-01-27,Gillingham,Lincoln,1-2,1-0
2009-01-27,Grimsby,Dag and Red,1-1,1-1
2009-01-27,Macclesfield,Wycombe,0-0,0-0
2009-01-27,Port Vale,Chester,3-0,0-0
2009-01-27,Rochdale,Notts County,3-0,1-0
2009-01-28,Chesterfield,Exeter,2-1,0-1
2009-01-31,Aldershot,Rochdale,2-4,0-4
2009-01-31,Bradford,Grimsby,2-0,0-0
2009-01-31,Chester,Gillingham,0-1,0-0
2009-01-31,Dag and Red,Darlington,0-1,0-0
2009-01-31,Exeter,Barnet,2-1,1-1
2009-01-31,Lincoln,Bournemouth,3-3,1-1
2009-01-31,Luton,Bury,1-2,1-0
2009-01-31,Morecambe,Port Vale,1-1,1-1
2009-01-31,Notts County,Chesterfield,0-1,0-1
2009-01-31,Rotherham,Macclesfield,2-0,1-0
2009-01-31,Shrewsbury,Brentford,1-3,0-3
2009-01-31,Wycombe,Accrington,2-1,1-1
2009-02-03,Chester,Rochdale,0-2,0-0
2009-02-03,Morecambe,Brentford,2-0,1-0
2009-02-03,Shrewsbury,Accrington,2-0,2-0
2009-02-07,Bournemouth,Shrewsbury,1-0,1-0
2009-02-07,Brentford,Chester,3-0,3-0
2009-02-07,Bury,Dag and Red,2-2,2-0
2009-02-07,Gillingham,Bradford,0-2,0-1
2009-02-07,Grimsby,Exeter,2-2,1-1
2009-02-10,Accrington,Brentford,1-1,0-0
2009-02-10,Barnet,Grimsby,3-3,2-2
2009-02-10,Exeter,Macclesfield,4-0,2-0
2009-02-10,Morecambe,Lincoln,1-1,1-0
2009-02-14,Bournemouth,Accrington,1-0,0-0
2009-02-14,Bradford,Wycombe,1-0,1-0
2009-02-14,Brentford,Port Vale,2-0,1-0
2009-02-14,Dag and Red,Luton,2-1,1-0
2009-02-14,Exeter,Aldershot,3-2,1-0
2009-02-14,Grimsby,Bury,1-2,1-0
2009-02-14,Macclesfield,Rochdale,0-1,0-1
2009-02-14,Morecambe,Chester,3-1,3-0
2009-02-14,Notts County,Barnet,2-0,1-0
2009-02-14,Rotherham,Gillingham,2-0,1-0
2009-02-14,Shrewsbury,Chesterfield,2-1,1-1
2009-02-17,Bradford,Darlington,0-0,0-0
2009-02-17,Dag and Red,Wycombe,0-1,0-0
2009-02-17,Gillingham,Aldershot,4-4,1-1
2009-02-17,Macclesfield,Notts County,1-1,1-0
2009-02-17,Rochdale,Morecambe,1-1,0-0
2009-02-17,Shrewsbury,Chester,1-0,0-0
2009-02-20,Chesterfield,Bournemouth,1-0,1-0
2009-02-20,Port Vale,Lincoln,0-1,0-1
2009-02-21,Accrington,Dag and Red,0-0,0-0
2009-02-21,Aldershot,Morecambe,0-2,0-1
2009-02-21,Barnet,Bradford,4-1,2-0
2009-02-21,Bury,Notts County,2-0,1-0
2009-02-21,Chester,Exeter,0-0,0-0
2009-02-21,Darlington,Grimsby,1-0,0-0
2009-02-21,Gillingham,Macclesfield,3-1,1-0
2009-02-21,Luton,Shrewsbury,3-1,2-1
2009-02-21,Rochdale,Brentford,1-2,1-2
2009-02-23,Wycombe,Rotherham,0-0,0-0
2009-02-24,Accrington,Luton,0-0,0-0
2009-02-24,Dag and Red,Bournemouth,0-1,0-0
2009-02-24,Darlington,Rochdale,1-2,0-1
2009-02-24,Grimsby,Morecambe,2-3,1-0
2009-02-25,Macclesfield,Port Vale,0-2,0-0
2009-02-28,Aldershot,Accrington,3-1,3-0
2009-02-28,Brentford,Bury,1-0,1-0
2009-02-28,Chester,Dag and Red,2-2,0-2
2009-02-28,Chesterfield,Barnet,1-1,0-1
2009-02-28,Exeter,Darlington,2-0,0-0
2009-02-28,Gillingham,Bournemouth,1-0,0-0
2009-02-28,Lincoln,Rotherham,0-1,0-0
2009-02-28,Macclesfield,Shrewsbury,3-0,1-0
2009-02-28,Morecambe,Wycombe,0-0,0-0
2009-02-28,Notts County,Bradford,3-1,3-0
2009-02-28,Port Vale,Luton,1-3,1-1
2009-02-28,Rochdale,Grimsby,2-0,2-0
2009-03-03,Barnet,Rochdale,2-1,1-1
2009-03-03,Bournemouth,Aldershot,2-0,1-0
2009-03-03,Bradford,Macclesfield,1-0,0-0
2009-03-03,Bury,Chesterfield,1-2,0-2
2009-03-03,Dag and Red,Lincoln,0-3,0-1
2009-03-03,Darlington,Notts County,1-0,1-0
2009-03-03,Grimsby,Brentford,0-1,0-1
2009-03-03,Luton,Gillingham,0-0,0-0
2009-03-03,Shrewsbury,Exeter,1-1,0-0
2009-03-03,Wycombe,Chester,2-0,1-0
2009-03-07,Accrington,Gillingham,0-2,0-1
2009-03-07,Barnet,Chester,3-1,0-0
2009-03-07,Bournemouth,Port Vale,0-0,0-0
2009-03-07,Bradford,Aldershot,5-0,2-0
2009-03-07,Bury,Rochdale,2-1,1-0
2009-03-07,Dag and Red,Morecambe,0-2,0-2
2009-03-07,Darlington,Macclesfield,1-2,0-1
2009-03-07,Grimsby,Lincoln,5-1,1-0
2009-03-07,Luton,Exeter,1-2,1-2
2009-03-07,Rotherham,Brentford,0-0,0-0
2009-03-07,Shrewsbury,Notts County,3-2,2-1
2009-03-07,Wycombe,Chesterfield,1-1,0-1
2009-03-10,Aldershot,Shrewsbury,0-0,0-0
2009-03-10,Brentford,Barnet,1-0,1-0
2009-03-10,Chester,Rotherham,1-5,1-3
2009-03-10,Exeter,Bournemouth,1-3,1-0
2009-03-10,Gillingham,Darlington,1-0,0-0
2009-03-10,Lincoln,Wycombe,1-0,0-0
2009-03-10,Macclesfield,Accrington,0-2,0-1
2009-03-10,Morecambe,Bury,0-0,0-0
2009-03-10,Notts County,Luton,0-2,0-2
2009-03-10,Port Vale,Dag and Red,0-1,0-1
2009-03-10,Rochdale,Bradford,3-0,0-0
2009-03-11,Chesterfield,Grimsby,2-1,0-0
2009-03-14,Aldershot,Luton,2-1,1-1
2009-03-14,Brentford,Wycombe,3-3,2-2
2009-03-14,Chester,Grimsby,1-1,0-1
2009-03-14,Chesterfield,Dag and Red,1-1,0-0
2009-03-14,Exeter,Bradford,1-0,1-0
2009-03-14,Gillingham,Shrewsbury,2-2,1-0
2009-03-14,Lincoln,Bury,1-1,1-0
2009-03-14,Macclesfield,Bournemouth,0-2,0-0
2009-03-14,Morecambe,Barnet,2-1,2-1
2009-03-14,Notts County,Accrington,1-1,0-1
2009-03-14,Port Vale,Darlington,3-1,1-1
2009-03-14,Rochdale,Rotherham,1-2,0-0
2009-03-17,Accrington,Port Vale,2-0,2-0
2009-03-17,Bournemouth,Bradford,4-1,3-1
2009-03-17,Brentford,Chesterfield,0-1,0-0
2009-03-17,Lincoln,Darlington,0-1,0-1
2009-03-17,Luton,Grimsby,2-1,1-1
2009-03-17,Notts County,Gillingham,0-1,0-0
2009-03-17,Rotherham,Aldershot,1-2,0-2
2009-03-21,Accrington,Exeter,2-1,1-1
2009-03-21,Barnet,Lincoln,3-2,1-1
2009-03-21,Bournemouth,Notts County,0-1,0-1
2009-03-21,Bradford,Port Vale,0-1,0-0
2009-03-21,Bury,Chester,1-1,1-0
2009-03-21,Darlington,Aldershot,2-0,1-0
2009-03-21,Grimsby,Gillingham,3-0,1-0
2009-03-21,Luton,Macclesfield,1-0,0-0
2009-03-21,Rotherham,Chesterfield,3-0,1-0
2009-03-21,Shrewsbury,Morecambe,0-0,0-0
2009-03-21,Wycombe,Rochdale,0-1,0-0
2009-03-24,Accrington,Darlington,1-0,1-0
2009-03-24,Rotherham,Bury,1-1,0-0
2009-03-25,Chesterfield,Rochdale,3-0,1-0
2009-03-28,Barnet,Darlington,0-1,0-0
2009-03-28,Brentford,Gillingham,1-1,1-0
2009-03-28,Bury,Bournemouth,1-0,0-0
2009-03-28,Chester,Bradford,0-0,0-0
2009-03-28,Chesterfield,Port Vale,2-1,0-0
2009-03-28,Dag and Red,Macclesfield,2-1,0-1
2009-03-28,Grimsby,Aldershot,1-0,0-0
2009-03-28,Lincoln,Notts County,1-1,0-0
2009-03-28,Morecambe,Luton,1-2,1-1
2009-03-28,Rochdale,Exeter,2-2,1-0
2009-03-28,Rotherham,Accrington,0-0,0-0
2009-03-28,Wycombe,Shrewsbury,1-1,1-0
2009-03-31,Aldershot,Chesterfield,1-1,0-1
2009-03-31,Exeter,Port Vale,1-0,1-0
2009-03-31,Lincoln,Macclesfield,1-0,1-0
2009-03-31,Luton,Rotherham,2-4,1-2
2009-03-31,Wycombe,Barnet,1-1,1-1
2009-04-04,Accrington,Lincoln,0-2,0-1
2009-04-04,Aldershot,Rotherham,0-1,0-1
2009-04-04,Bournemouth,Rochdale,4-0,2-0
2009-04-04,Bradford,Brentford,1-1,0-0
2009-04-04,Darlington,Morecambe,0-0,0-0
2009-04-04,Exeter,Dag and Red,2-1,1-1
2009-04-04,Gillingham,Barnet,0-2,0-1
2009-04-04,Macclesfield,Chesterfield,1-1,1-1
2009-04-04,Notts County,Chester,1-2,0-1
2009-04-04,Port Vale,Bury,1-1,0-0
2009-04-04,Shrewsbury,Grimsby,1-1,0-0
2009-04-07,Barnet,Rotherham,2-0,0-0
2009-04-07,Chesterfield,Lincoln,1-1,1-0
2009-04-07,Darlington,Wycombe,1-2,0-1
2009-04-07,Port Vale,Aldershot,0-0,0-0
2009-04-10,Bury,Shrewsbury,2-1,1-0
2009-04-10,Morecambe,Bradford,2-1,0-1
2009-04-11,Barnet,Bournemouth,1-0,0-0
2009-04-11,Brentford,Exeter,1-1,0-1
2009-04-11,Chester,Macclesfield,0-2,0-2
2009-04-11,Chesterfield,Darlington,0-0,0-0
2009-04-11,Dag and Red,Aldershot,3-1,1-1
2009-04-11,Grimsby,Accrington,0-1,0-0
2009-04-11,Lincoln,Luton,0-0,0-0
2009-04-11,Rochdale,Port Vale,1-0,1-0
2009-04-11,Rotherham,Notts County,2-1,1-0
2009-04-11,Wycombe,Gillingham,1-0,1-0
2009-04-13,Accrington,Chester,0-1,0-1
2009-04-13,Aldershot,Barnet,1-1,0-1
2009-04-13,Bournemouth,Brentford,0-1,0-1
2009-04-13,Bradford,Lincoln,1-1,0-0
2009-04-13,Darlington,Bury,2-2,1-1
2009-04-13,Exeter,Wycombe,1-0,0-0
2009-04-13,Gillingham,Dag and Red,2-1,1-1
2009-04-13,Luton,Chesterfield,0-0,0-0
2009-04-13,Macclesfield,Morecambe,0-1,0-0
2009-04-13,Notts County,Grimsby,0-2,0-0
2009-04-13,Port Vale,Rotherham,0-0,0-0
2009-04-13,Shrewsbury,Rochdale,1-1,0-0
2009-04-18,Barnet,Luton,1-1,1-0
2009-04-18,Brentford,Accrington,3-0,2-0
2009-04-18,Bury,Macclesfield,3-0,1-0
2009-04-18,Chester,Bournemouth,0-2,0-1
2009-04-18,Chesterfield,Gillingham,0-1,0-1
2009-04-18,Dag and Red,Bradford,3-0,0-0
2009-04-18,Grimsby,Port Vale,3-0,2-0
2009-04-18,Lincoln,Exeter,0-1,0-0
2009-04-18,Morecambe,Notts County,1-0,0-0
2009-04-18,Rochdale,Darlington,0-2,0-1
2009-04-18,Rotherham,Shrewsbury,1-2,0-1
2009-04-18,Wycombe,Aldershot,3-0,1-0
2009-04-21,Dag and Red,Brentford,3-1,2-0
2009-04-21,Luton,Wycombe,0-1,0-0
2009-04-21,Rotherham,Morecambe,3-2,1-0
2009-04-25,Accrington,Chesterfield,1-0,0-0
2009-04-25,Aldershot,Chester,2-2,1-1
2009-04-25,Bournemouth,Grimsby,2-1,0-1
2009-04-25,Bradford,Rotherham,3-0,2-0
2009-04-25,Darlington,Brentford,1-3,0-2
2009-04-25,Exeter,Morecambe,2-2,0-1
2009-04-25,Gillingham,Bury,0-0,0-0
2009-04-25,Luton,Rochdale,1-1,1-0
2009-04-25,Macclesfield,Barnet,2-1,1-0
2009-04-25,Notts County,Dag and Red,0-3,0-2
2009-04-25,Port Vale,Wycombe,1-1,0-0
2009-04-25,Shrewsbury,Lincoln,0-0,0-0
2009-05-02,Barnet,Port Vale,1-2,0-2
2009-05-02,Brentford,Luton,2-0,0-0
2009-05-02,Bury,Accrington,1-0,0-0
2009-05-02,Chester,Darlington,1-2,0-0
2009-05-02,Chesterfield,Bradford,0-2,0-0
2009-05-02,Dag and Red,Shrewsbury,1-2,0-2
2009-05-02,Grimsby,Macclesfield,0-0,0-0
2009-05-02,Lincoln,Aldershot,0-2,0-1
2009-05-02,Morecambe,Bournemouth,0-4,0-3
2009-05-02,Rochdale,Gillingham,0-1,0-1
2009-05-02,Rotherham,Exeter,0-1,0-0
2009-05-02,Wycombe,Notts County,1-2,0-1
