Round,Date,Team 1,Team 2,FT,HT
-,-,AFC Bournemouth,Aberdare Athletic,0-1,-
-,-,Brentford,Aberdare Athletic,1-1,-
-,-,Brighton & Hove Albion,Aberdare Athletic,5-0,-
-,-,Bristol Rovers,Aberdare Athletic,2-0,-
-,-,Charlton Athletic,Aberdare Athletic,3-1,-
-,-,Exeter City,Aberdare Athletic,1-1,-
-,-,Gillingham,Aberdare Athletic,3-1,-
-,-,Luton Town,Aberdare Athletic,1-0,-
-,-,Merthyr Town,Aberdare Athletic,0-0,-
-,-,Millwall,Aberdare Athletic,2-0,-
-,-,Newport County,Aberdare Athletic,0-0,-
-,-,Northampton Town,Aberdare Athletic,1-2,-
-,-,Norwich City,Aberdare Athletic,5-0,-
-,-,Plymouth Argyle,Aberdare Athletic,2-0,-
-,-,Portsmouth,Aberdare Athletic,4-0,-
-,-,Queens Park Rangers,Aberdare Athletic,3-0,-
-,-,Reading,Aberdare Athletic,0-1,-
-,-,Southend United,Aberdare Athletic,1-1,-
-,-,Swansea City,Aberdare Athletic,1-0,-
-,-,Swindon Town,Aberdare Athletic,3-1,-
-,-,Watford,Aberdare Athletic,2-0,-
-,-,Aberdare Athletic,AFC Bournemouth,1-0,-
-,-,Brentford,AFC Bournemouth,2-0,-
-,-,Brighton & Hove Albion,AFC Bournemouth,5-0,-
-,-,Bristol Rovers,AFC Bournemouth,3-4,-
-,-,Charlton Athletic,AFC Bournemouth,1-2,-
-,-,Exeter City,AFC Bournemouth,0-2,-
-,-,Gillingham,AFC Bournemouth,1-0,-
-,-,Luton Town,AFC Bournemouth,6-2,-
-,-,Merthyr Town,AFC Bournemouth,4-2,-
-,-,Millwall,AFC Bournemouth,4-2,-
-,-,Newport County,AFC Bournemouth,2-0,-
-,-,Northampton Town,AFC Bournemouth,3-1,-
-,-,Norwich City,AFC Bournemouth,1-1,-
-,-,Plymouth Argyle,AFC Bournemouth,4-0,-
-,-,Portsmouth,AFC Bournemouth,3-0,-
-,-,Queens Park Rangers,AFC Bournemouth,0-1,-
-,-,Reading,AFC Bournemouth,1-2,-
-,-,Southend United,AFC Bournemouth,1-1,-
-,-,Swansea City,AFC Bournemouth,1-0,-
-,-,Swindon Town,AFC Bournemouth,3-1,-
-,-,Watford,AFC Bournemouth,0-0,-
-,-,Aberdare Athletic,Brentford,1-2,-
-,-,AFC Bournemouth,Brentford,2-4,-
-,-,Brighton & Hove Albion,Brentford,2-0,-
-,-,Bristol Rovers,Brentford,2-0,-
-,-,Charlton Athletic,Brentford,3-1,-
-,-,Exeter City,Brentford,1-0,-
-,-,Gillingham,Brentford,6-0,-
-,-,Luton Town,Brentford,2-1,-
-,-,Merthyr Town,Brentford,2-0,-
-,-,Millwall,Brentford,4-1,-
-,-,Newport County,Brentford,3-2,-
-,-,Northampton Town,Brentford,2-3,-
-,-,Norwich City,Brentford,2-3,-
-,-,Plymouth Argyle,Brentford,4-1,-
-,-,Portsmouth,Brentford,3-0,-
-,-,Queens Park Rangers,Brentford,1-0,-
-,-,Reading,Brentford,1-0,-
-,-,Southend United,Brentford,3-1,-
-,-,Swansea City,Brentford,4-0,-
-,-,Swindon Town,Brentford,2-1,-
-,-,Watford,Brentford,0-1,-
-,-,Aberdare Athletic,Brighton & Hove Albion,3-1,-
-,-,AFC Bournemouth,Brighton & Hove Albion,1-0,-
-,-,Brentford,Brighton & Hove Albion,1-2,-
-,-,Bristol Rovers,Brighton & Hove Albion,2-0,-
-,-,Charlton Athletic,Brighton & Hove Albion,0-2,-
-,-,Exeter City,Brighton & Hove Albion,0-1,-
-,-,Gillingham,Brighton & Hove Albion,1-1,-
-,-,Luton Town,Brighton & Hove Albion,0-0,-
-,-,Merthyr Town,Brighton & Hove Albion,2-1,-
-,-,Millwall,Brighton & Hove Albion,0-0,-
-,-,Newport County,Brighton & Hove Albion,0-0,-
-,-,Northampton Town,Brighton & Hove Albion,3-0,-
-,-,Norwich City,Brighton & Hove Albion,1-0,-
-,-,Plymouth Argyle,Brighton & Hove Albion,3-0,-
-,-,Portsmouth,Brighton & Hove Albion,1-3,-
-,-,Queens Park Rangers,Brighton & Hove Albion,1-0,-
-,-,Reading,Brighton & Hove Albion,0-1,-
-,-,Southend United,Brighton & Hove Albion,1-0,-
-,-,Swansea City,Brighton & Hove Albion,1-0,-
-,-,Swindon Town,Brighton & Hove Albion,4-0,-
-,-,Watford,Brighton & Hove Albion,0-0,-
-,-,Aberdare Athletic,Bristol Rovers,2-0,-
-,-,AFC Bournemouth,Bristol Rovers,0-1,-
-,-,Brentford,Bristol Rovers,1-2,-
-,-,Brighton & Hove Albion,Bristol Rovers,2-1,-
-,-,Charlton Athletic,Bristol Rovers,1-3,-
-,-,Exeter City,Bristol Rovers,3-1,-
-,-,Gillingham,Bristol Rovers,1-0,-
-,-,Luton Town,Bristol Rovers,0-0,-
-,-,Merthyr Town,Bristol Rovers,1-1,-
-,-,Millwall,Bristol Rovers,1-0,-
-,-,Newport County,Bristol Rovers,1-0,-
-,-,Northampton Town,Bristol Rovers,0-0,-
-,-,Norwich City,Bristol Rovers,3-1,-
-,-,Plymouth Argyle,Bristol Rovers,2-2,-
-,-,Portsmouth,Bristol Rovers,1-1,-
-,-,Queens Park Rangers,Bristol Rovers,1-2,-
-,-,Reading,Bristol Rovers,3-2,-
-,-,Southend United,Bristol Rovers,1-0,-
-,-,Swansea City,Bristol Rovers,3-1,-
-,-,Swindon Town,Bristol Rovers,0-0,-
-,-,Watford,Bristol Rovers,4-0,-
-,-,Aberdare Athletic,Charlton Athletic,4-1,-
-,-,AFC Bournemouth,Charlton Athletic,1-0,-
-,-,Brentford,Charlton Athletic,0-0,-
-,-,Brighton & Hove Albion,Charlton Athletic,3-0,-
-,-,Bristol Rovers,Charlton Athletic,2-0,-
-,-,Exeter City,Charlton Athletic,0-0,-
-,-,Gillingham,Charlton Athletic,0-1,-
-,-,Luton Town,Charlton Athletic,0-1,-
-,-,Merthyr Town,Charlton Athletic,2-1,-
-,-,Millwall,Charlton Athletic,1-0,-
-,-,Newport County,Charlton Athletic,0-1,-
-,-,Northampton Town,Charlton Athletic,1-0,-
-,-,Norwich City,Charlton Athletic,2-2,-
-,-,Plymouth Argyle,Charlton Athletic,1-1,-
-,-,Portsmouth,Charlton Athletic,0-0,-
-,-,Queens Park Rangers,Charlton Athletic,0-0,-
-,-,Reading,Charlton Athletic,3-1,-
-,-,Southend United,Charlton Athletic,2-2,-
-,-,Swansea City,Charlton Athletic,1-0,-
-,-,Swindon Town,Charlton Athletic,1-1,-
-,-,Watford,Charlton Athletic,1-0,-
-,-,Aberdare Athletic,Exeter City,0-0,-
-,-,AFC Bournemouth,Exeter City,1-0,-
-,-,Brentford,Exeter City,1-0,-
-,-,Brighton & Hove Albion,Exeter City,1-0,-
-,-,Bristol Rovers,Exeter City,0-0,-
-,-,Charlton Athletic,Exeter City,1-0,-
-,-,Gillingham,Exeter City,1-1,-
-,-,Luton Town,Exeter City,1-0,-
-,-,Merthyr Town,Exeter City,3-0,-
-,-,Millwall,Exeter City,3-1,-
-,-,Newport County,Exeter City,2-0,-
-,-,Northampton Town,Exeter City,1-0,-
-,-,Norwich City,Exeter City,4-0,-
-,-,Plymouth Argyle,Exeter City,4-0,-
-,-,Portsmouth,Exeter City,4-0,-
-,-,Queens Park Rangers,Exeter City,2-0,-
-,-,Reading,Exeter City,1-0,-
-,-,Southend United,Exeter City,0-0,-
-,-,Swansea City,Exeter City,1-0,-
-,-,Swindon Town,Exeter City,0-1,-
-,-,Watford,Exeter City,4-1,-
-,-,Aberdare Athletic,Gillingham,1-1,-
-,-,AFC Bournemouth,Gillingham,0-0,-
-,-,Brentford,Gillingham,3-2,-
-,-,Brighton & Hove Albion,Gillingham,2-2,-
-,-,Bristol Rovers,Gillingham,2-0,-
-,-,Charlton Athletic,Gillingham,0-0,-
-,-,Exeter City,Gillingham,2-1,-
-,-,Luton Town,Gillingham,1-1,-
-,-,Merthyr Town,Gillingham,0-2,-
-,-,Millwall,Gillingham,5-0,-
-,-,Newport County,Gillingham,2-1,-
-,-,Northampton Town,Gillingham,2-0,-
-,-,Norwich City,Gillingham,1-0,-
-,-,Plymouth Argyle,Gillingham,3-0,-
-,-,Portsmouth,Gillingham,3-0,-
-,-,Queens Park Rangers,Gillingham,1-1,-
-,-,Reading,Gillingham,4-0,-
-,-,Southend United,Gillingham,3-2,-
-,-,Swansea City,Gillingham,3-1,-
-,-,Swindon Town,Gillingham,4-1,-
-,-,Watford,Gillingham,1-1,-
-,-,Aberdare Athletic,Luton Town,0-1,-
-,-,AFC Bournemouth,Luton Town,2-3,-
-,-,Brentford,Luton Town,2-1,-
-,-,Brighton & Hove Albion,Luton Town,4-0,-
-,-,Bristol Rovers,Luton Town,1-1,-
-,-,Charlton Athletic,Luton Town,1-1,-
-,-,Exeter City,Luton Town,2-1,-
-,-,Gillingham,Luton Town,0-0,-
-,-,Merthyr Town,Luton Town,0-0,-
-,-,Millwall,Luton Town,0-1,-
-,-,Newport County,Luton Town,1-0,-
-,-,Northampton Town,Luton Town,2-0,-
-,-,Norwich City,Luton Town,2-0,-
-,-,Plymouth Argyle,Luton Town,0-0,-
-,-,Portsmouth,Luton Town,3-0,-
-,-,Queens Park Rangers,Luton Town,0-2,-
-,-,Reading,Luton Town,0-1,-
-,-,Southend United,Luton Town,1-1,-
-,-,Swansea City,Luton Town,1-0,-
-,-,Swindon Town,Luton Town,3-2,-
-,-,Watford,Luton Town,0-0,-
-,-,Aberdare Athletic,Merthyr Town,0-0,-
-,-,AFC Bournemouth,Merthyr Town,3-3,-
-,-,Brentford,Merthyr Town,0-0,-
-,-,Brighton & Hove Albion,Merthyr Town,0-0,-
-,-,Bristol Rovers,Merthyr Town,0-0,-
-,-,Charlton Athletic,Merthyr Town,1-0,-
-,-,Exeter City,Merthyr Town,1-0,-
-,-,Gillingham,Merthyr Town,2-1,-
-,-,Luton Town,Merthyr Town,1-1,-
-,-,Millwall,Merthyr Town,6-0,-
-,-,Newport County,Merthyr Town,4-4,-
-,-,Northampton Town,Merthyr Town,3-0,-
-,-,Norwich City,Merthyr Town,2-0,-
-,-,Plymouth Argyle,Merthyr Town,1-1,-
-,-,Portsmouth,Merthyr Town,1-0,-
-,-,Queens Park Rangers,Merthyr Town,3-0,-
-,-,Reading,Merthyr Town,3-0,-
-,-,Southend United,Merthyr Town,3-1,-
-,-,Swansea City,Merthyr Town,5-1,-
-,-,Swindon Town,Merthyr Town,3-0,-
-,-,Watford,Merthyr Town,4-0,-
-,-,Aberdare Athletic,Millwall,1-1,-
-,-,AFC Bournemouth,Millwall,2-0,-
-,-,Brentford,Millwall,1-3,-
-,-,Brighton & Hove Albion,Millwall,2-2,-
-,-,Bristol Rovers,Millwall,4-1,-
-,-,Charlton Athletic,Millwall,0-1,-
-,-,Exeter City,Millwall,2-0,-
-,-,Gillingham,Millwall,0-2,-
-,-,Luton Town,Millwall,2-0,-
-,-,Merthyr Town,Millwall,1-0,-
-,-,Newport County,Millwall,2-1,-
-,-,Northampton Town,Millwall,2-1,-
-,-,Norwich City,Millwall,1-1,-
-,-,Plymouth Argyle,Millwall,1-1,-
-,-,Portsmouth,Millwall,0-1,-
-,-,Queens Park Rangers,Millwall,1-1,-
-,-,Reading,Millwall,2-0,-
-,-,Southend United,Millwall,0-0,-
-,-,Swansea City,Millwall,1-2,-
-,-,Swindon Town,Millwall,1-0,-
-,-,Watford,Millwall,1-1,-
-,-,Aberdare Athletic,Newport County,2-0,-
-,-,AFC Bournemouth,Newport County,0-1,-
-,-,Brentford,Newport County,0-0,-
-,-,Brighton & Hove Albion,Newport County,4-0,-
-,-,Bristol Rovers,Newport County,0-0,-
-,-,Charlton Athletic,Newport County,2-1,-
-,-,Exeter City,Newport County,5-0,-
-,-,Gillingham,Newport County,2-1,-
-,-,Luton Town,Newport County,2-0,-
-,-,Merthyr Town,Newport County,3-3,-
-,-,Millwall,Newport County,2-1,-
-,-,Northampton Town,Newport County,0-0,-
-,-,Norwich City,Newport County,3-1,-
-,-,Plymouth Argyle,Newport County,3-2,-
-,-,Portsmouth,Newport County,5-0,-
-,-,Queens Park Rangers,Newport County,0-3,-
-,-,Reading,Newport County,1-1,-
-,-,Southend United,Newport County,2-0,-
-,-,Swansea City,Newport County,2-1,-
-,-,Swindon Town,Newport County,3-0,-
-,-,Watford,Newport County,8-2,-
-,-,Aberdare Athletic,Northampton Town,2-2,-
-,-,AFC Bournemouth,Northampton Town,2-1,-
-,-,Brentford,Northampton Town,1-0,-
-,-,Brighton & Hove Albion,Northampton Town,2-0,-
-,-,Bristol Rovers,Northampton Town,1-1,-
-,-,Charlton Athletic,Northampton Town,0-0,-
-,-,Exeter City,Northampton Town,2-1,-
-,-,Gillingham,Northampton Town,1-1,-
-,-,Luton Town,Northampton Town,1-1,-
-,-,Merthyr Town,Northampton Town,0-0,-
-,-,Millwall,Northampton Town,4-3,-
-,-,Newport County,Northampton Town,1-1,-
-,-,Norwich City,Northampton Town,1-4,-
-,-,Plymouth Argyle,Northampton Town,0-0,-
-,-,Portsmouth,Northampton Town,1-3,-
-,-,Queens Park Rangers,Northampton Town,3-2,-
-,-,Reading,Northampton Town,1-0,-
-,-,Southend United,Northampton Town,5-1,-
-,-,Swansea City,Northampton Town,2-1,-
-,-,Swindon Town,Northampton Town,2-0,-
-,-,Watford,Northampton Town,0-2,-
-,-,Aberdare Athletic,Norwich City,0-0,-
-,-,AFC Bournemouth,Norwich City,1-2,-
-,-,Brentford,Norwich City,3-0,-
-,-,Brighton & Hove Albion,Norwich City,3-0,-
-,-,Bristol Rovers,Norwich City,3-1,-
-,-,Charlton Athletic,Norwich City,0-0,-
-,-,Exeter City,Norwich City,1-2,-
-,-,Gillingham,Norwich City,3-1,-
-,-,Luton Town,Norwich City,2-1,-
-,-,Merthyr Town,Norwich City,2-3,-
-,-,Millwall,Norwich City,2-1,-
-,-,Newport County,Norwich City,1-0,-
-,-,Northampton Town,Norwich City,1-0,-
-,-,Plymouth Argyle,Norwich City,2-0,-
-,-,Portsmouth,Norwich City,4-0,-
-,-,Queens Park Rangers,Norwich City,2-1,-
-,-,Reading,Norwich City,3-0,-
-,-,Southend United,Norwich City,3-1,-
-,-,Swansea City,Norwich City,1-0,-
-,-,Swindon Town,Norwich City,4-2,-
-,-,Watford,Norwich City,0-0,-
-,-,Aberdare Athletic,Plymouth Argyle,1-2,-
-,-,AFC Bournemouth,Plymouth Argyle,0-0,-
-,-,Brentford,Plymouth Argyle,1-1,-
-,-,Brighton & Hove Albion,Plymouth Argyle,4-1,-
-,-,Bristol Rovers,Plymouth Argyle,1-1,-
-,-,Charlton Athletic,Plymouth Argyle,0-1,-
-,-,Exeter City,Plymouth Argyle,0-4,-
-,-,Gillingham,Plymouth Argyle,1-0,-
-,-,Luton Town,Plymouth Argyle,0-2,-
-,-,Merthyr Town,Plymouth Argyle,1-0,-
-,-,Millwall,Plymouth Argyle,1-0,-
-,-,Newport County,Plymouth Argyle,1-2,-
-,-,Northampton Town,Plymouth Argyle,1-0,-
-,-,Norwich City,Plymouth Argyle,0-1,-
-,-,Portsmouth,Plymouth Argyle,2-1,-
-,-,Queens Park Rangers,Plymouth Argyle,3-2,-
-,-,Reading,Plymouth Argyle,1-2,-
-,-,Southend United,Plymouth Argyle,0-2,-
-,-,Swansea City,Plymouth Argyle,1-0,-
-,-,Swindon Town,Plymouth Argyle,0-1,-
-,-,Watford,Plymouth Argyle,0-1,-
-,-,Aberdare Athletic,Portsmouth,0-0,-
-,-,AFC Bournemouth,Portsmouth,0-0,-
-,-,Brentford,Portsmouth,1-1,-
-,-,Brighton & Hove Albion,Portsmouth,0-4,-
-,-,Bristol Rovers,Portsmouth,0-1,-
-,-,Charlton Athletic,Portsmouth,1-1,-
-,-,Exeter City,Portsmouth,0-0,-
-,-,Gillingham,Portsmouth,0-2,-
-,-,Luton Town,Portsmouth,4-1,-
-,-,Merthyr Town,Portsmouth,2-2,-
-,-,Millwall,Portsmouth,2-0,-
-,-,Newport County,Portsmouth,2-1,-
-,-,Northampton Town,Portsmouth,0-4,-
-,-,Norwich City,Portsmouth,3-1,-
-,-,Plymouth Argyle,Portsmouth,1-2,-
-,-,Queens Park Rangers,Portsmouth,0-2,-
-,-,Reading,Portsmouth,1-4,-
-,-,Southend United,Portsmouth,0-1,-
-,-,Swansea City,Portsmouth,0-0,-
-,-,Swindon Town,Portsmouth,0-0,-
-,-,Watford,Portsmouth,2-3,-
-,-,Aberdare Athletic,Queens Park Rangers,1-1,-
-,-,AFC Bournemouth,Queens Park Rangers,3-1,-
-,-,Brentford,Queens Park Rangers,0-1,-
-,-,Brighton & Hove Albion,Queens Park Rangers,3-0,-
-,-,Bristol Rovers,Queens Park Rangers,2-1,-
-,-,Charlton Athletic,Queens Park Rangers,3-0,-
-,-,Exeter City,Queens Park Rangers,3-0,-
-,-,Gillingham,Queens Park Rangers,0-0,-
-,-,Luton Town,Queens Park Rangers,2-0,-
-,-,Merthyr Town,Queens Park Rangers,2-0,-
-,-,Millwall,Queens Park Rangers,3-0,-
-,-,Newport County,Queens Park Rangers,2-1,-
-,-,Northampton Town,Queens Park Rangers,3-0,-
-,-,Norwich City,Queens Park Rangers,5-0,-
-,-,Plymouth Argyle,Queens Park Rangers,2-0,-
-,-,Portsmouth,Queens Park Rangers,7-0,-
-,-,Reading,Queens Park Rangers,4-0,-
-,-,Southend United,Queens Park Rangers,4-2,-
-,-,Swansea City,Queens Park Rangers,2-0,-
-,-,Swindon Town,Queens Park Rangers,0-0,-
-,-,Watford,Queens Park Rangers,0-2,-
-,-,Aberdare Athletic,Reading,1-0,-
-,-,AFC Bournemouth,Reading,0-0,-
-,-,Brentford,Reading,4-1,-
-,-,Brighton & Hove Albion,Reading,4-0,-
-,-,Bristol Rovers,Reading,0-0,-
-,-,Charlton Athletic,Reading,0-0,-
-,-,Exeter City,Reading,3-2,-
-,-,Gillingham,Reading,1-0,-
-,-,Luton Town,Reading,2-0,-
-,-,Merthyr Town,Reading,1-1,-
-,-,Millwall,Reading,0-0,-
-,-,Newport County,Reading,2-0,-
-,-,Northampton Town,Reading,3-1,-
-,-,Norwich City,Reading,2-2,-
-,-,Plymouth Argyle,Reading,2-1,-
-,-,Portsmouth,Reading,1-1,-
-,-,Queens Park Rangers,Reading,1-4,-
-,-,Southend United,Reading,2-1,-
-,-,Swansea City,Reading,5-1,-
-,-,Swindon Town,Reading,1-0,-
-,-,Watford,Reading,2-1,-
-,-,Aberdare Athletic,Southend United,5-2,-
-,-,AFC Bournemouth,Southend United,0-1,-
-,-,Brentford,Southend United,3-1,-
-,-,Brighton & Hove Albion,Southend United,2-0,-
-,-,Bristol Rovers,Southend United,3-1,-
-,-,Charlton Athletic,Southend United,4-1,-
-,-,Exeter City,Southend United,2-0,-
-,-,Gillingham,Southend United,3-2,-
-,-,Luton Town,Southend United,4-4,-
-,-,Merthyr Town,Southend United,3-2,-
-,-,Millwall,Southend United,0-0,-
-,-,Newport County,Southend United,5-0,-
-,-,Northampton Town,Southend United,8-0,-
-,-,Norwich City,Southend United,3-1,-
-,-,Plymouth Argyle,Southend United,7-1,-
-,-,Portsmouth,Southend United,3-0,-
-,-,Queens Park Rangers,Southend United,0-0,-
-,-,Reading,Southend United,1-0,-
-,-,Swansea City,Southend United,2-1,-
-,-,Swindon Town,Southend United,3-0,-
-,-,Watford,Southend United,4-1,-
-,-,Aberdare Athletic,Swansea City,4-2,-
-,-,AFC Bournemouth,Swansea City,0-0,-
-,-,Brentford,Swansea City,2-2,-
-,-,Brighton & Hove Albion,Swansea City,4-1,-
-,-,Bristol Rovers,Swansea City,2-0,-
-,-,Charlton Athletic,Swansea City,1-3,-
-,-,Exeter City,Swansea City,1-0,-
-,-,Gillingham,Swansea City,0-1,-
-,-,Luton Town,Swansea City,1-2,-
-,-,Merthyr Town,Swansea City,0-0,-
-,-,Millwall,Swansea City,2-1,-
-,-,Newport County,Swansea City,4-1,-
-,-,Northampton Town,Swansea City,2-0,-
-,-,Norwich City,Swansea City,2-0,-
-,-,Plymouth Argyle,Swansea City,2-0,-
-,-,Portsmouth,Swansea City,3-0,-
-,-,Queens Park Rangers,Swansea City,2-2,-
-,-,Reading,Swansea City,3-4,-
-,-,Southend United,Swansea City,0-0,-
-,-,Swindon Town,Swansea City,1-0,-
-,-,Watford,Swansea City,2-2,-
-,-,Aberdare Athletic,Swindon Town,2-2,-
-,-,AFC Bournemouth,Swindon Town,0-0,-
-,-,Brentford,Swindon Town,2-2,-
-,-,Brighton & Hove Albion,Swindon Town,1-1,-
-,-,Bristol Rovers,Swindon Town,0-1,-
-,-,Charlton Athletic,Swindon Town,3-1,-
-,-,Exeter City,Swindon Town,3-1,-
-,-,Gillingham,Swindon Town,1-0,-
-,-,Luton Town,Swindon Town,3-2,-
-,-,Merthyr Town,Swindon Town,2-0,-
-,-,Millwall,Swindon Town,1-0,-
-,-,Newport County,Swindon Town,3-0,-
-,-,Northampton Town,Swindon Town,1-1,-
-,-,Norwich City,Swindon Town,2-0,-
-,-,Plymouth Argyle,Swindon Town,1-3,-
-,-,Portsmouth,Swindon Town,4-1,-
-,-,Queens Park Rangers,Swindon Town,2-2,-
-,-,Reading,Swindon Town,1-0,-
-,-,Southend United,Swindon Town,0-2,-
-,-,Swansea City,Swindon Town,1-1,-
-,-,Watford,Swindon Town,0-0,-
-,-,Aberdare Athletic,Watford,4-0,-
-,-,AFC Bournemouth,Watford,1-1,-
-,-,Brentford,Watford,4-1,-
-,-,Brighton & Hove Albion,Watford,3-0,-
-,-,Bristol Rovers,Watford,4-2,-
-,-,Charlton Athletic,Watford,1-1,-
-,-,Exeter City,Watford,1-0,-
-,-,Gillingham,Watford,0-0,-
-,-,Luton Town,Watford,0-0,-
-,-,Merthyr Town,Watford,2-1,-
-,-,Millwall,Watford,2-0,-
-,-,Newport County,Watford,1-0,-
-,-,Northampton Town,Watford,1-2,-
-,-,Norwich City,Watford,0-0,-
-,-,Plymouth Argyle,Watford,1-0,-
-,-,Portsmouth,Watford,4-0,-
-,-,Queens Park Rangers,Watford,2-1,-
-,-,Reading,Watford,1-1,-
-,-,Southend United,Watford,3-0,-
-,-,Swansea City,Watford,1-0,-
-,-,Swindon Town,Watford,0-0,-
