Round,Date,Team 1,Team 2,FT,HT
-,-,Blackpool,Barnsley,1-0,-
-,-,Bradford Park Avenue,Barnsley,2-3,-
-,-,Bristol City,Barnsley,3-0,-
-,-,Bury,Barnsley,1-2,-
-,-,Coventry City,Barnsley,0-1,-
-,-,Crystal Palace,Barnsley,0-1,-
-,-,Derby County,Barnsley,1-0,-
-,-,Fulham,Barnsley,0-0,-
-,-,Hull City,Barnsley,1-3,-
-,-,Leeds United,Barnsley,4-0,-
-,-,Leicester City,Barnsley,1-0,-
-,-,Leyton Orient,Barnsley,2-1,-
-,-,Nottingham Forest,Barnsley,1-1,-
-,-,Notts County,Barnsley,1-4,-
-,-,Port Vale,Barnsley,2-3,-
-,-,Rotherham County,Barnsley,0-0,-
-,-,Sheffield Wednesday,Barnsley,2-3,-
-,-,South Shields,Barnsley,5-2,-
-,-,Stoke City,Barnsley,1-0,-
-,-,West Ham United,Barnsley,4-0,-
-,-,Wolverhampton Wanderers,Barnsley,2-0,-
-,-,Barnsley,Blackpool,3-2,-
-,-,Bradford Park Avenue,Blackpool,0-0,-
-,-,Bristol City,Blackpool,0-1,-
-,-,Bury,Blackpool,3-0,-
-,-,Coventry City,Blackpool,0-1,-
-,-,Crystal Palace,Blackpool,1-0,-
-,-,Derby County,Blackpool,1-0,-
-,-,Fulham,Blackpool,1-0,-
-,-,Hull City,Blackpool,2-0,-
-,-,Leeds United,Blackpool,0-0,-
-,-,Leicester City,Blackpool,1-0,-
-,-,Leyton Orient,Blackpool,3-0,-
-,-,Nottingham Forest,Blackpool,0-0,-
-,-,Notts County,Blackpool,2-1,-
-,-,Port Vale,Blackpool,1-0,-
-,-,Rotherham County,Blackpool,0-1,-
-,-,Sheffield Wednesday,Blackpool,5-1,-
-,-,South Shields,Blackpool,2-1,-
-,-,Stoke City,Blackpool,1-1,-
-,-,West Ham United,Blackpool,0-2,-
-,-,Wolverhampton Wanderers,Blackpool,4-0,-
-,-,Barnsley,Bradford Park Avenue,2-0,-
-,-,Blackpool,Bradford Park Avenue,1-1,-
-,-,Bristol City,Bradford Park Avenue,1-0,-
-,-,Bury,Bradford Park Avenue,2-2,-
-,-,Coventry City,Bradford Park Avenue,2-2,-
-,-,Crystal Palace,Bradford Park Avenue,1-1,-
-,-,Derby County,Bradford Park Avenue,1-3,-
-,-,Fulham,Bradford Park Avenue,2-1,-
-,-,Hull City,Bradford Park Avenue,3-0,-
-,-,Leeds United,Bradford Park Avenue,3-0,-
-,-,Leicester City,Bradford Park Avenue,2-1,-
-,-,Leyton Orient,Bradford Park Avenue,1-0,-
-,-,Nottingham Forest,Bradford Park Avenue,4-1,-
-,-,Notts County,Bradford Park Avenue,3-0,-
-,-,Port Vale,Bradford Park Avenue,1-0,-
-,-,Rotherham County,Bradford Park Avenue,2-0,-
-,-,Sheffield Wednesday,Bradford Park Avenue,2-1,-
-,-,South Shields,Bradford Park Avenue,1-0,-
-,-,Stoke City,Bradford Park Avenue,0-1,-
-,-,West Ham United,Bradford Park Avenue,1-0,-
-,-,Wolverhampton Wanderers,Bradford Park Avenue,5-0,-
-,-,Barnsley,Bristol City,1-1,-
-,-,Blackpool,Bristol City,2-0,-
-,-,Bradford Park Avenue,Bristol City,2-1,-
-,-,Bury,Bristol City,5-0,-
-,-,Coventry City,Bristol City,1-1,-
-,-,Crystal Palace,Bristol City,1-1,-
-,-,Derby County,Bristol City,5-1,-
-,-,Fulham,Bristol City,0-0,-
-,-,Hull City,Bristol City,1-0,-
-,-,Leeds United,Bristol City,3-0,-
-,-,Leicester City,Bristol City,4-1,-
-,-,Leyton Orient,Bristol City,0-1,-
-,-,Nottingham Forest,Bristol City,1-0,-
-,-,Notts County,Bristol City,0-2,-
-,-,Port Vale,Bristol City,3-1,-
-,-,Rotherham County,Bristol City,0-0,-
-,-,Sheffield Wednesday,Bristol City,1-0,-
-,-,South Shields,Bristol City,2-0,-
-,-,Stoke City,Bristol City,3-0,-
-,-,West Ham United,Bristol City,3-0,-
-,-,Wolverhampton Wanderers,Bristol City,2-2,-
-,-,Barnsley,Bury,3-0,-
-,-,Blackpool,Bury,0-1,-
-,-,Bradford Park Avenue,Bury,1-1,-
-,-,Bristol City,Bury,2-0,-
-,-,Coventry City,Bury,1-2,-
-,-,Crystal Palace,Bury,4-1,-
-,-,Derby County,Bury,1-0,-
-,-,Fulham,Bury,0-1,-
-,-,Hull City,Bury,1-1,-
-,-,Leeds United,Bury,2-0,-
-,-,Leicester City,Bury,0-0,-
-,-,Leyton Orient,Bury,3-1,-
-,-,Nottingham Forest,Bury,1-2,-
-,-,Notts County,Bury,1-1,-
-,-,Port Vale,Bury,5-2,-
-,-,Rotherham County,Bury,1-1,-
-,-,Sheffield Wednesday,Bury,4-1,-
-,-,South Shields,Bury,1-1,-
-,-,Stoke City,Bury,1-0,-
-,-,West Ham United,Bury,3-2,-
-,-,Wolverhampton Wanderers,Bury,1-1,-
-,-,Barnsley,Coventry City,0-1,-
-,-,Blackpool,Coventry City,2-1,-
-,-,Bradford Park Avenue,Coventry City,1-2,-
-,-,Bristol City,Coventry City,0-2,-
-,-,Bury,Coventry City,3-2,-
-,-,Crystal Palace,Coventry City,1-1,-
-,-,Derby County,Coventry City,1-0,-
-,-,Fulham,Coventry City,5-0,-
-,-,Hull City,Coventry City,2-0,-
-,-,Leeds United,Coventry City,5-2,-
-,-,Leicester City,Coventry City,1-1,-
-,-,Leyton Orient,Coventry City,4-0,-
-,-,Nottingham Forest,Coventry City,1-0,-
-,-,Notts County,Coventry City,1-1,-
-,-,Port Vale,Coventry City,1-2,-
-,-,Rotherham County,Coventry City,0-0,-
-,-,Sheffield Wednesday,Coventry City,3-2,-
-,-,South Shields,Coventry City,2-1,-
-,-,Stoke City,Coventry City,2-2,-
-,-,West Ham United,Coventry City,3-0,-
-,-,Wolverhampton Wanderers,Coventry City,1-0,-
-,-,Barnsley,Crystal Palace,3-1,-
-,-,Blackpool,Crystal Palace,1-3,-
-,-,Bradford Park Avenue,Crystal Palace,0-0,-
-,-,Bristol City,Crystal Palace,1-2,-
-,-,Bury,Crystal Palace,1-2,-
-,-,Coventry City,Crystal Palace,1-1,-
-,-,Derby County,Crystal Palace,2-0,-
-,-,Fulham,Crystal Palace,1-1,-
-,-,Hull City,Crystal Palace,1-0,-
-,-,Leeds United,Crystal Palace,0-0,-
-,-,Leicester City,Crystal Palace,2-0,-
-,-,Leyton Orient,Crystal Palace,0-0,-
-,-,Nottingham Forest,Crystal Palace,2-1,-
-,-,Notts County,Crystal Palace,3-2,-
-,-,Port Vale,Crystal Palace,3-0,-
-,-,Rotherham County,Crystal Palace,1-1,-
-,-,Sheffield Wednesday,Crystal Palace,1-0,-
-,-,South Shields,Crystal Palace,1-1,-
-,-,Stoke City,Crystal Palace,5-1,-
-,-,West Ham United,Crystal Palace,2-0,-
-,-,Wolverhampton Wanderers,Crystal Palace,0-1,-
-,-,Barnsley,Derby County,2-1,-
-,-,Blackpool,Derby County,4-2,-
-,-,Bradford Park Avenue,Derby County,5-1,-
-,-,Bristol City,Derby County,1-2,-
-,-,Bury,Derby County,2-0,-
-,-,Coventry City,Derby County,1-2,-
-,-,Crystal Palace,Derby County,3-1,-
-,-,Fulham,Derby County,2-2,-
-,-,Hull City,Derby County,1-1,-
-,-,Leeds United,Derby County,2-1,-
-,-,Leicester City,Derby County,1-1,-
-,-,Leyton Orient,Derby County,3-2,-
-,-,Nottingham Forest,Derby County,3-0,-
-,-,Notts County,Derby County,1-2,-
-,-,Port Vale,Derby County,1-1,-
-,-,Rotherham County,Derby County,2-0,-
-,-,Sheffield Wednesday,Derby County,1-1,-
-,-,South Shields,Derby County,3-1,-
-,-,Stoke City,Derby County,1-1,-
-,-,West Ham United,Derby County,3-1,-
-,-,Wolverhampton Wanderers,Derby County,0-3,-
-,-,Barnsley,Fulham,2-1,-
-,-,Blackpool,Fulham,0-2,-
-,-,Bradford Park Avenue,Fulham,1-2,-
-,-,Bristol City,Fulham,1-0,-
-,-,Bury,Fulham,1-0,-
-,-,Coventry City,Fulham,2-0,-
-,-,Crystal Palace,Fulham,2-0,-
-,-,Derby County,Fulham,1-1,-
-,-,Hull City,Fulham,2-1,-
-,-,Leeds United,Fulham,2-0,-
-,-,Leicester City,Fulham,1-2,-
-,-,Leyton Orient,Fulham,4-2,-
-,-,Nottingham Forest,Fulham,0-0,-
-,-,Notts County,Fulham,3-0,-
-,-,Port Vale,Fulham,1-1,-
-,-,Rotherham County,Fulham,1-0,-
-,-,Sheffield Wednesday,Fulham,1-4,-
-,-,South Shields,Fulham,1-0,-
-,-,Stoke City,Fulham,3-0,-
-,-,West Ham United,Fulham,1-0,-
-,-,Wolverhampton Wanderers,Fulham,0-0,-
-,-,Barnsley,Hull City,4-1,-
-,-,Blackpool,Hull City,0-1,-
-,-,Bradford Park Avenue,Hull City,1-1,-
-,-,Bristol City,Hull City,1-0,-
-,-,Bury,Hull City,4-0,-
-,-,Coventry City,Hull City,2-0,-
-,-,Crystal Palace,Hull City,0-2,-
-,-,Derby County,Hull City,0-0,-
-,-,Fulham,Hull City,6-0,-
-,-,Leeds United,Hull City,0-2,-
-,-,Leicester City,Hull City,0-1,-
-,-,Leyton Orient,Hull City,0-2,-
-,-,Nottingham Forest,Hull City,3-2,-
-,-,Notts County,Hull City,2-0,-
-,-,Port Vale,Hull City,1-0,-
-,-,Rotherham County,Hull City,2-0,-
-,-,Sheffield Wednesday,Hull City,0-0,-
-,-,South Shields,Hull City,1-0,-
-,-,Stoke City,Hull City,0-0,-
-,-,West Ham United,Hull City,1-1,-
-,-,Wolverhampton Wanderers,Hull City,0-2,-
-,-,Barnsley,Leeds United,2-2,-
-,-,Blackpool,Leeds United,1-3,-
-,-,Bradford Park Avenue,Leeds United,0-1,-
-,-,Bristol City,Leeds United,0-0,-
-,-,Bury,Leeds United,2-1,-
-,-,Coventry City,Leeds United,1-0,-
-,-,Crystal Palace,Leeds United,1-2,-
-,-,Derby County,Leeds United,2-0,-
-,-,Fulham,Leeds United,0-1,-
-,-,Hull City,Leeds United,1-0,-
-,-,Leicester City,Leeds United,0-0,-
-,-,Leyton Orient,Leeds United,4-2,-
-,-,Nottingham Forest,Leeds United,1-0,-
-,-,Notts County,Leeds United,4-1,-
-,-,Port Vale,Leeds United,0-1,-
-,-,Rotherham County,Leeds United,1-0,-
-,-,Sheffield Wednesday,Leeds United,2-1,-
-,-,South Shields,Leeds United,0-1,-
-,-,Stoke City,Leeds United,3-0,-
-,-,West Ham United,Leeds United,1-1,-
-,-,Wolverhampton Wanderers,Leeds United,0-0,-
-,-,Barnsley,Leicester City,0-0,-
-,-,Blackpool,Leicester City,2-0,-
-,-,Bradford Park Avenue,Leicester City,0-1,-
-,-,Bristol City,Leicester City,1-1,-
-,-,Bury,Leicester City,0-1,-
-,-,Coventry City,Leicester City,0-0,-
-,-,Crystal Palace,Leicester City,1-0,-
-,-,Derby County,Leicester City,0-1,-
-,-,Fulham,Leicester City,0-0,-
-,-,Hull City,Leicester City,5-2,-
-,-,Leeds United,Leicester City,3-0,-
-,-,Leyton Orient,Leicester City,0-0,-
-,-,Nottingham Forest,Leicester City,0-0,-
-,-,Notts County,Leicester City,0-0,-
-,-,Port Vale,Leicester City,1-1,-
-,-,Rotherham County,Leicester City,0-0,-
-,-,Sheffield Wednesday,Leicester City,1-0,-
-,-,South Shields,Leicester City,1-0,-
-,-,Stoke City,Leicester City,1-1,-
-,-,West Ham United,Leicester City,1-0,-
-,-,Wolverhampton Wanderers,Leicester City,1-1,-
-,-,Barnsley,Leyton Orient,4-0,-
-,-,Blackpool,Leyton Orient,2-0,-
-,-,Bradford Park Avenue,Leyton Orient,3-1,-
-,-,Bristol City,Leyton Orient,2-1,-
-,-,Bury,Leyton Orient,0-0,-
-,-,Coventry City,Leyton Orient,1-2,-
-,-,Crystal Palace,Leyton Orient,1-0,-
-,-,Derby County,Leyton Orient,3-0,-
-,-,Fulham,Leyton Orient,2-0,-
-,-,Hull City,Leyton Orient,2-1,-
-,-,Leeds United,Leyton Orient,2-0,-
-,-,Leicester City,Leyton Orient,1-0,-
-,-,Nottingham Forest,Leyton Orient,2-0,-
-,-,Notts County,Leyton Orient,0-0,-
-,-,Port Vale,Leyton Orient,3-0,-
-,-,Rotherham County,Leyton Orient,2-0,-
-,-,Sheffield Wednesday,Leyton Orient,0-0,-
-,-,South Shields,Leyton Orient,1-1,-
-,-,Stoke City,Leyton Orient,0-0,-
-,-,West Ham United,Leyton Orient,1-2,-
-,-,Wolverhampton Wanderers,Leyton Orient,0-2,-
-,-,Barnsley,Nottingham Forest,2-0,-
-,-,Blackpool,Nottingham Forest,2-1,-
-,-,Bradford Park Avenue,Nottingham Forest,1-0,-
-,-,Bristol City,Nottingham Forest,0-1,-
-,-,Bury,Nottingham Forest,1-2,-
-,-,Coventry City,Nottingham Forest,0-1,-
-,-,Crystal Palace,Nottingham Forest,4-1,-
-,-,Derby County,Nottingham Forest,1-2,-
-,-,Fulham,Nottingham Forest,2-0,-
-,-,Hull City,Nottingham Forest,0-1,-
-,-,Leeds United,Nottingham Forest,0-0,-
-,-,Leicester City,Nottingham Forest,2-2,-
-,-,Leyton Orient,Nottingham Forest,1-2,-
-,-,Notts County,Nottingham Forest,1-1,-
-,-,Port Vale,Nottingham Forest,0-2,-
-,-,Rotherham County,Nottingham Forest,0-1,-
-,-,Sheffield Wednesday,Nottingham Forest,0-4,-
-,-,South Shields,Nottingham Forest,0-0,-
-,-,Stoke City,Nottingham Forest,1-1,-
-,-,West Ham United,Nottingham Forest,1-0,-
-,-,Wolverhampton Wanderers,Nottingham Forest,2-0,-
-,-,Barnsley,Notts County,3-0,-
-,-,Blackpool,Notts County,1-2,-
-,-,Bradford Park Avenue,Notts County,2-1,-
-,-,Bristol City,Notts County,2-2,-
-,-,Bury,Notts County,1-0,-
-,-,Coventry City,Notts County,4-2,-
-,-,Crystal Palace,Notts County,1-0,-
-,-,Derby County,Notts County,1-1,-
-,-,Fulham,Notts County,4-0,-
-,-,Hull City,Notts County,2-0,-
-,-,Leeds United,Notts County,1-1,-
-,-,Leicester City,Notts County,3-0,-
-,-,Leyton Orient,Notts County,2-1,-
-,-,Nottingham Forest,Notts County,0-0,-
-,-,Port Vale,Notts County,0-0,-
-,-,Rotherham County,Notts County,3-0,-
-,-,Sheffield Wednesday,Notts County,0-0,-
-,-,South Shields,Notts County,0-0,-
-,-,Stoke City,Notts County,0-0,-
-,-,West Ham United,Notts County,2-1,-
-,-,Wolverhampton Wanderers,Notts County,1-2,-
-,-,Barnsley,Port Vale,3-2,-
-,-,Blackpool,Port Vale,0-1,-
-,-,Bradford Park Avenue,Port Vale,2-0,-
-,-,Bristol City,Port Vale,2-1,-
-,-,Bury,Port Vale,5-2,-
-,-,Coventry City,Port Vale,4-1,-
-,-,Crystal Palace,Port Vale,0-0,-
-,-,Derby County,Port Vale,3-2,-
-,-,Fulham,Port Vale,1-0,-
-,-,Hull City,Port Vale,2-0,-
-,-,Leeds United,Port Vale,2-1,-
-,-,Leicester City,Port Vale,3-0,-
-,-,Leyton Orient,Port Vale,2-0,-
-,-,Nottingham Forest,Port Vale,1-1,-
-,-,Notts County,Port Vale,1-2,-
-,-,Rotherham County,Port Vale,0-1,-
-,-,Sheffield Wednesday,Port Vale,2-0,-
-,-,South Shields,Port Vale,0-1,-
-,-,Stoke City,Port Vale,0-0,-
-,-,West Ham United,Port Vale,3-0,-
-,-,Wolverhampton Wanderers,Port Vale,2-0,-
-,-,Barnsley,Rotherham County,0-1,-
-,-,Blackpool,Rotherham County,3-1,-
-,-,Bradford Park Avenue,Rotherham County,4-2,-
-,-,Bristol City,Rotherham County,1-2,-
-,-,Bury,Rotherham County,0-0,-
-,-,Coventry City,Rotherham County,4-0,-
-,-,Crystal Palace,Rotherham County,2-0,-
-,-,Derby County,Rotherham County,4-0,-
-,-,Fulham,Rotherham County,4-0,-
-,-,Hull City,Rotherham County,0-1,-
-,-,Leeds United,Rotherham County,0-2,-
-,-,Leicester City,Rotherham County,1-0,-
-,-,Leyton Orient,Rotherham County,1-2,-
-,-,Nottingham Forest,Rotherham County,1-0,-
-,-,Notts County,Rotherham County,2-0,-
-,-,Port Vale,Rotherham County,1-0,-
-,-,Sheffield Wednesday,Rotherham County,1-0,-
-,-,South Shields,Rotherham County,2-0,-
-,-,Stoke City,Rotherham County,1-1,-
-,-,West Ham United,Rotherham County,1-2,-
-,-,Wolverhampton Wanderers,Rotherham County,3-1,-
-,-,Barnsley,Sheffield Wednesday,2-0,-
-,-,Blackpool,Sheffield Wednesday,0-2,-
-,-,Bradford Park Avenue,Sheffield Wednesday,2-1,-
-,-,Bristol City,Sheffield Wednesday,3-1,-
-,-,Bury,Sheffield Wednesday,1-2,-
-,-,Coventry City,Sheffield Wednesday,2-2,-
-,-,Crystal Palace,Sheffield Wednesday,2-2,-
-,-,Derby County,Sheffield Wednesday,0-1,-
-,-,Fulham,Sheffield Wednesday,3-1,-
-,-,Hull City,Sheffield Wednesday,0-0,-
-,-,Leeds United,Sheffield Wednesday,1-1,-
-,-,Leicester City,Sheffield Wednesday,1-1,-
-,-,Leyton Orient,Sheffield Wednesday,1-1,-
-,-,Nottingham Forest,Sheffield Wednesday,2-0,-
-,-,Notts County,Sheffield Wednesday,2-0,-
-,-,Port Vale,Sheffield Wednesday,1-0,-
-,-,Rotherham County,Sheffield Wednesday,0-0,-
-,-,South Shields,Sheffield Wednesday,0-0,-
-,-,Stoke City,Sheffield Wednesday,1-1,-
-,-,West Ham United,Sheffield Wednesday,2-0,-
-,-,Wolverhampton Wanderers,Sheffield Wednesday,0-0,-
-,-,Barnsley,South Shields,2-1,-
-,-,Blackpool,South Shields,4-0,-
-,-,Bradford Park Avenue,South Shields,1-0,-
-,-,Bristol City,South Shields,0-1,-
-,-,Bury,South Shields,1-0,-
-,-,Coventry City,South Shields,0-1,-
-,-,Crystal Palace,South Shields,1-2,-
-,-,Derby County,South Shields,0-2,-
-,-,Fulham,South Shields,3-0,-
-,-,Hull City,South Shields,1-1,-
-,-,Leeds United,South Shields,0-0,-
-,-,Leicester City,South Shields,1-0,-
-,-,Leyton Orient,South Shields,0-1,-
-,-,Nottingham Forest,South Shields,1-0,-
-,-,Notts County,South Shields,2-0,-
-,-,Port Vale,South Shields,1-1,-
-,-,Rotherham County,South Shields,1-1,-
-,-,Sheffield Wednesday,South Shields,0-3,-
-,-,Stoke City,South Shields,2-1,-
-,-,West Ham United,South Shields,1-1,-
-,-,Wolverhampton Wanderers,South Shields,3-2,-
-,-,Barnsley,Stoke City,2-2,-
-,-,Blackpool,Stoke City,3-2,-
-,-,Bradford Park Avenue,Stoke City,2-4,-
-,-,Bristol City,Stoke City,2-0,-
-,-,Bury,Stoke City,0-1,-
-,-,Coventry City,Stoke City,0-1,-
-,-,Crystal Palace,Stoke City,0-2,-
-,-,Derby County,Stoke City,2-4,-
-,-,Fulham,Stoke City,2-1,-
-,-,Hull City,Stoke City,7-1,-
-,-,Leeds United,Stoke City,1-2,-
-,-,Leicester City,Stoke City,3-4,-
-,-,Leyton Orient,Stoke City,1-0,-
-,-,Nottingham Forest,Stoke City,3-1,-
-,-,Notts County,Stoke City,0-0,-
-,-,Port Vale,Stoke City,0-1,-
-,-,Rotherham County,Stoke City,0-0,-
-,-,Sheffield Wednesday,Stoke City,0-1,-
-,-,South Shields,Stoke City,1-1,-
-,-,West Ham United,Stoke City,3-0,-
-,-,Wolverhampton Wanderers,Stoke City,1-1,-
-,-,Barnsley,West Ham United,1-1,-
-,-,Blackpool,West Ham United,3-1,-
-,-,Bradford Park Avenue,West Ham United,2-0,-
-,-,Bristol City,West Ham United,0-1,-
-,-,Bury,West Ham United,0-1,-
-,-,Coventry City,West Ham United,2-0,-
-,-,Crystal Palace,West Ham United,1-2,-
-,-,Derby County,West Ham United,3-1,-
-,-,Fulham,West Ham United,2-0,-
-,-,Hull City,West Ham United,0-0,-
-,-,Leeds United,West Ham United,0-0,-
-,-,Leicester City,West Ham United,2-1,-
-,-,Leyton Orient,West Ham United,0-0,-
-,-,Nottingham Forest,West Ham United,2-0,-
-,-,Notts County,West Ham United,1-1,-
-,-,Port Vale,West Ham United,2-1,-
-,-,Rotherham County,West Ham United,0-1,-
-,-,Sheffield Wednesday,West Ham United,2-1,-
-,-,South Shields,West Ham United,1-0,-
-,-,Stoke City,West Ham United,2-0,-
-,-,Wolverhampton Wanderers,West Ham United,0-1,-
-,-,Barnsley,Wolverhampton Wanderers,2-1,-
-,-,Blackpool,Wolverhampton Wanderers,1-3,-
-,-,Bradford Park Avenue,Wolverhampton Wanderers,0-0,-
-,-,Bristol City,Wolverhampton Wanderers,2-0,-
-,-,Bury,Wolverhampton Wanderers,2-1,-
-,-,Coventry City,Wolverhampton Wanderers,3-1,-
-,-,Crystal Palace,Wolverhampton Wanderers,1-1,-
-,-,Derby County,Wolverhampton Wanderers,2-3,-
-,-,Fulham,Wolverhampton Wanderers,1-0,-
-,-,Hull City,Wolverhampton Wanderers,2-0,-
-,-,Leeds United,Wolverhampton Wanderers,0-0,-
-,-,Leicester City,Wolverhampton Wanderers,0-1,-
-,-,Leyton Orient,Wolverhampton Wanderers,1-0,-
-,-,Nottingham Forest,Wolverhampton Wanderers,0-0,-
-,-,Notts County,Wolverhampton Wanderers,4-0,-
-,-,Port Vale,Wolverhampton Wanderers,0-2,-
-,-,Rotherham County,Wolverhampton Wanderers,1-0,-
-,-,Sheffield Wednesday,Wolverhampton Wanderers,3-1,-
-,-,South Shields,Wolverhampton Wanderers,0-2,-
-,-,Stoke City,Wolverhampton Wanderers,3-0,-
-,-,West Ham United,Wolverhampton Wanderers,2-0,-
