Round,Date,Team 1,Team 2,FT,HT
-,-,Ashington,Accrington Stanley,2-1,-
-,-,Barrow,Accrington Stanley,1-1,-
-,-,Bradford Park Avenue,Accrington Stanley,6-1,-
-,-,Chesterfield,Accrington Stanley,1-1,-
-,-,Crewe Alexandra,Accrington Stanley,4-0,-
-,-,Doncaster Rovers,Accrington Stanley,2-0,-
-,-,Durham City,Accrington Stanley,2-0,-
-,-,Halifax Town,Accrington Stanley,4-3,-
-,-,Hartlepool United,Accrington Stanley,3-1,-
-,-,Lincoln City,Accrington Stanley,4-0,-
-,-,Nelson,Accrington Stanley,7-0,-
-,-,New Brighton,Accrington Stanley,0-1,-
-,-,Rochdale,Accrington Stanley,2-1,-
-,-,Rotherham United,Accrington Stanley,1-1,-
-,-,Southport,Accrington Stanley,2-1,-
-,-,Stockport County,Accrington Stanley,3-3,-
-,-,Stoke City,Accrington Stanley,1-0,-
-,-,Tranmere Rovers,Accrington Stanley,2-1,-
-,-,Walsall,Accrington Stanley,5-1,-
-,-,Wigan Borough,Accrington Stanley,3-0,-
-,-,Wrexham,Accrington Stanley,5-0,-
-,-,Accrington Stanley,Ashington,3-0,-
-,-,Barrow,Ashington,2-2,-
-,-,Bradford Park Avenue,Ashington,2-0,-
-,-,Chesterfield,Ashington,4-1,-
-,-,Crewe Alexandra,Ashington,2-1,-
-,-,Doncaster Rovers,Ashington,3-1,-
-,-,Durham City,Ashington,0-2,-
-,-,Halifax Town,Ashington,1-1,-
-,-,Hartlepool United,Ashington,0-1,-
-,-,Lincoln City,Ashington,4-0,-
-,-,Nelson,Ashington,4-0,-
-,-,New Brighton,Ashington,4-0,-
-,-,Rochdale,Ashington,5-0,-
-,-,Rotherham United,Ashington,5-0,-
-,-,Southport,Ashington,4-1,-
-,-,Stockport County,Ashington,6-2,-
-,-,Stoke City,Ashington,7-0,-
-,-,Tranmere Rovers,Ashington,2-1,-
-,-,Walsall,Ashington,0-0,-
-,-,Wigan Borough,Ashington,1-4,-
-,-,Wrexham,Ashington,1-1,-
-,-,Accrington Stanley,Barrow,0-1,-
-,-,Ashington,Barrow,3-0,-
-,-,Bradford Park Avenue,Barrow,1-0,-
-,-,Chesterfield,Barrow,8-1,-
-,-,Crewe Alexandra,Barrow,5-0,-
-,-,Doncaster Rovers,Barrow,7-0,-
-,-,Durham City,Barrow,1-1,-
-,-,Halifax Town,Barrow,5-1,-
-,-,Hartlepool United,Barrow,1-1,-
-,-,Lincoln City,Barrow,3-1,-
-,-,Nelson,Barrow,3-0,-
-,-,New Brighton,Barrow,3-1,-
-,-,Rochdale,Barrow,5-1,-
-,-,Rotherham United,Barrow,2-0,-
-,-,Southport,Barrow,3-0,-
-,-,Stockport County,Barrow,7-0,-
-,-,Stoke City,Barrow,4-0,-
-,-,Tranmere Rovers,Barrow,7-2,-
-,-,Walsall,Barrow,1-0,-
-,-,Wigan Borough,Barrow,8-0,-
-,-,Wrexham,Barrow,0-2,-
-,-,Accrington Stanley,Bradford Park Avenue,2-3,-
-,-,Ashington,Bradford Park Avenue,2-2,-
-,-,Barrow,Bradford Park Avenue,0-3,-
-,-,Chesterfield,Bradford Park Avenue,3-2,-
-,-,Crewe Alexandra,Bradford Park Avenue,1-1,-
-,-,Doncaster Rovers,Bradford Park Avenue,4-1,-
-,-,Durham City,Bradford Park Avenue,2-1,-
-,-,Halifax Town,Bradford Park Avenue,2-0,-
-,-,Hartlepool United,Bradford Park Avenue,2-4,-
-,-,Lincoln City,Bradford Park Avenue,5-1,-
-,-,Nelson,Bradford Park Avenue,1-0,-
-,-,New Brighton,Bradford Park Avenue,3-1,-
-,-,Rochdale,Bradford Park Avenue,3-0,-
-,-,Rotherham United,Bradford Park Avenue,1-1,-
-,-,Southport,Bradford Park Avenue,2-1,-
-,-,Stockport County,Bradford Park Avenue,1-2,-
-,-,Stoke City,Bradford Park Avenue,0-0,-
-,-,Tranmere Rovers,Bradford Park Avenue,1-2,-
-,-,Walsall,Bradford Park Avenue,1-0,-
-,-,Wigan Borough,Bradford Park Avenue,1-2,-
-,-,Wrexham,Bradford Park Avenue,1-0,-
-,-,Accrington Stanley,Chesterfield,2-1,-
-,-,Ashington,Chesterfield,2-1,-
-,-,Barrow,Chesterfield,1-0,-
-,-,Bradford Park Avenue,Chesterfield,5-0,-
-,-,Crewe Alexandra,Chesterfield,0-0,-
-,-,Doncaster Rovers,Chesterfield,0-3,-
-,-,Durham City,Chesterfield,2-1,-
-,-,Halifax Town,Chesterfield,3-1,-
-,-,Hartlepool United,Chesterfield,1-2,-
-,-,Lincoln City,Chesterfield,3-1,-
-,-,Nelson,Chesterfield,0-3,-
-,-,New Brighton,Chesterfield,1-0,-
-,-,Rochdale,Chesterfield,8-1,-
-,-,Rotherham United,Chesterfield,0-4,-
-,-,Southport,Chesterfield,2-1,-
-,-,Stockport County,Chesterfield,4-0,-
-,-,Stoke City,Chesterfield,3-2,-
-,-,Tranmere Rovers,Chesterfield,3-2,-
-,-,Walsall,Chesterfield,0-1,-
-,-,Wigan Borough,Chesterfield,1-2,-
-,-,Wrexham,Chesterfield,3-1,-
-,-,Accrington Stanley,Crewe Alexandra,3-1,-
-,-,Ashington,Crewe Alexandra,4-1,-
-,-,Barrow,Crewe Alexandra,3-1,-
-,-,Bradford Park Avenue,Crewe Alexandra,2-0,-
-,-,Chesterfield,Crewe Alexandra,3-0,-
-,-,Doncaster Rovers,Crewe Alexandra,0-2,-
-,-,Durham City,Crewe Alexandra,1-2,-
-,-,Halifax Town,Crewe Alexandra,3-1,-
-,-,Hartlepool United,Crewe Alexandra,1-1,-
-,-,Lincoln City,Crewe Alexandra,3-3,-
-,-,Nelson,Crewe Alexandra,7-1,-
-,-,New Brighton,Crewe Alexandra,3-0,-
-,-,Rochdale,Crewe Alexandra,3-1,-
-,-,Rotherham United,Crewe Alexandra,2-1,-
-,-,Southport,Crewe Alexandra,2-2,-
-,-,Stockport County,Crewe Alexandra,3-1,-
-,-,Stoke City,Crewe Alexandra,2-1,-
-,-,Tranmere Rovers,Crewe Alexandra,1-0,-
-,-,Walsall,Crewe Alexandra,2-3,-
-,-,Wigan Borough,Crewe Alexandra,2-2,-
-,-,Wrexham,Crewe Alexandra,3-1,-
-,-,Accrington Stanley,Doncaster Rovers,2-0,-
-,-,Ashington,Doncaster Rovers,1-1,-
-,-,Barrow,Doncaster Rovers,0-1,-
-,-,Bradford Park Avenue,Doncaster Rovers,7-3,-
-,-,Chesterfield,Doncaster Rovers,1-1,-
-,-,Crewe Alexandra,Doncaster Rovers,1-3,-
-,-,Durham City,Doncaster Rovers,2-2,-
-,-,Halifax Town,Doncaster Rovers,2-1,-
-,-,Hartlepool United,Doncaster Rovers,3-0,-
-,-,Lincoln City,Doncaster Rovers,0-0,-
-,-,Nelson,Doncaster Rovers,5-1,-
-,-,New Brighton,Doncaster Rovers,0-2,-
-,-,Rochdale,Doncaster Rovers,7-2,-
-,-,Rotherham United,Doncaster Rovers,1-3,-
-,-,Southport,Doncaster Rovers,2-0,-
-,-,Stockport County,Doncaster Rovers,1-0,-
-,-,Stoke City,Doncaster Rovers,0-0,-
-,-,Tranmere Rovers,Doncaster Rovers,1-1,-
-,-,Walsall,Doncaster Rovers,1-0,-
-,-,Wigan Borough,Doncaster Rovers,1-1,-
-,-,Wrexham,Doncaster Rovers,0-1,-
-,-,Accrington Stanley,Durham City,3-0,-
-,-,Ashington,Durham City,3-1,-
-,-,Barrow,Durham City,2-1,-
-,-,Bradford Park Avenue,Durham City,3-0,-
-,-,Chesterfield,Durham City,7-1,-
-,-,Crewe Alexandra,Durham City,2-1,-
-,-,Doncaster Rovers,Durham City,5-1,-
-,-,Halifax Town,Durham City,1-2,-
-,-,Hartlepool United,Durham City,4-0,-
-,-,Lincoln City,Durham City,5-0,-
-,-,Nelson,Durham City,1-1,-
-,-,New Brighton,Durham City,3-1,-
-,-,Rochdale,Durham City,1-3,-
-,-,Rotherham United,Durham City,3-1,-
-,-,Southport,Durham City,4-5,-
-,-,Stockport County,Durham City,4-0,-
-,-,Stoke City,Durham City,4-0,-
-,-,Tranmere Rovers,Durham City,8-3,-
-,-,Walsall,Durham City,1-1,-
-,-,Wigan Borough,Durham City,3-0,-
-,-,Wrexham,Durham City,3-1,-
-,-,Accrington Stanley,Halifax Town,4-2,-
-,-,Ashington,Halifax Town,3-0,-
-,-,Barrow,Halifax Town,1-1,-
-,-,Bradford Park Avenue,Halifax Town,2-1,-
-,-,Chesterfield,Halifax Town,2-0,-
-,-,Crewe Alexandra,Halifax Town,1-2,-
-,-,Doncaster Rovers,Halifax Town,2-0,-
-,-,Durham City,Halifax Town,0-1,-
-,-,Hartlepool United,Halifax Town,0-1,-
-,-,Lincoln City,Halifax Town,3-1,-
-,-,Nelson,Halifax Town,0-0,-
-,-,New Brighton,Halifax Town,0-3,-
-,-,Rochdale,Halifax Town,2-0,-
-,-,Rotherham United,Halifax Town,2-4,-
-,-,Southport,Halifax Town,0-0,-
-,-,Stockport County,Halifax Town,1-3,-
-,-,Stoke City,Halifax Town,5-1,-
-,-,Tranmere Rovers,Halifax Town,0-0,-
-,-,Walsall,Halifax Town,0-1,-
-,-,Wigan Borough,Halifax Town,1-1,-
-,-,Wrexham,Halifax Town,1-2,-
-,-,Accrington Stanley,Hartlepool United,7-2,-
-,-,Ashington,Hartlepool United,1-0,-
-,-,Barrow,Hartlepool United,1-3,-
-,-,Bradford Park Avenue,Hartlepool United,4-1,-
-,-,Chesterfield,Hartlepool United,1-0,-
-,-,Crewe Alexandra,Hartlepool United,0-1,-
-,-,Doncaster Rovers,Hartlepool United,2-0,-
-,-,Durham City,Hartlepool United,2-1,-
-,-,Halifax Town,Hartlepool United,2-1,-
-,-,Lincoln City,Hartlepool United,1-2,-
-,-,Nelson,Hartlepool United,6-2,-
-,-,New Brighton,Hartlepool United,2-1,-
-,-,Rochdale,Hartlepool United,3-0,-
-,-,Rotherham United,Hartlepool United,5-3,-
-,-,Southport,Hartlepool United,1-0,-
-,-,Stockport County,Hartlepool United,3-3,-
-,-,Stoke City,Hartlepool United,3-1,-
-,-,Tranmere Rovers,Hartlepool United,2-0,-
-,-,Walsall,Hartlepool United,2-2,-
-,-,Wigan Borough,Hartlepool United,3-0,-
-,-,Wrexham,Hartlepool United,4-0,-
-,-,Accrington Stanley,Lincoln City,1-1,-
-,-,Ashington,Lincoln City,1-2,-
-,-,Barrow,Lincoln City,0-3,-
-,-,Bradford Park Avenue,Lincoln City,3-1,-
-,-,Chesterfield,Lincoln City,4-2,-
-,-,Crewe Alexandra,Lincoln City,3-3,-
-,-,Doncaster Rovers,Lincoln City,1-3,-
-,-,Durham City,Lincoln City,4-2,-
-,-,Halifax Town,Lincoln City,2-1,-
-,-,Hartlepool United,Lincoln City,1-1,-
-,-,Nelson,Lincoln City,2-1,-
-,-,New Brighton,Lincoln City,1-1,-
-,-,Rochdale,Lincoln City,7-3,-
-,-,Rotherham United,Lincoln City,2-4,-
-,-,Southport,Lincoln City,2-3,-
-,-,Stockport County,Lincoln City,3-3,-
-,-,Stoke City,Lincoln City,2-0,-
-,-,Tranmere Rovers,Lincoln City,1-1,-
-,-,Walsall,Lincoln City,1-2,-
-,-,Wigan Borough,Lincoln City,3-2,-
-,-,Wrexham,Lincoln City,1-1,-
-,-,Accrington Stanley,Nelson,0-5,-
-,-,Ashington,Nelson,1-1,-
-,-,Barrow,Nelson,0-1,-
-,-,Bradford Park Avenue,Nelson,2-2,-
-,-,Chesterfield,Nelson,1-1,-
-,-,Crewe Alexandra,Nelson,2-1,-
-,-,Doncaster Rovers,Nelson,6-0,-
-,-,Durham City,Nelson,3-3,-
-,-,Halifax Town,Nelson,4-1,-
-,-,Hartlepool United,Nelson,3-2,-
-,-,Lincoln City,Nelson,1-4,-
-,-,New Brighton,Nelson,7-2,-
-,-,Rochdale,Nelson,2-1,-
-,-,Rotherham United,Nelson,2-3,-
-,-,Southport,Nelson,3-4,-
-,-,Stockport County,Nelson,4-1,-
-,-,Stoke City,Nelson,4-1,-
-,-,Tranmere Rovers,Nelson,2-3,-
-,-,Walsall,Nelson,4-1,-
-,-,Wigan Borough,Nelson,2-1,-
-,-,Wrexham,Nelson,2-2,-
-,-,Accrington Stanley,New Brighton,2-3,-
-,-,Ashington,New Brighton,2-3,-
-,-,Barrow,New Brighton,0-3,-
-,-,Bradford Park Avenue,New Brighton,1-1,-
-,-,Chesterfield,New Brighton,3-4,-
-,-,Crewe Alexandra,New Brighton,3-2,-
-,-,Doncaster Rovers,New Brighton,2-2,-
-,-,Durham City,New Brighton,2-2,-
-,-,Halifax Town,New Brighton,2-2,-
-,-,Hartlepool United,New Brighton,4-0,-
-,-,Lincoln City,New Brighton,4-1,-
-,-,Nelson,New Brighton,2-0,-
-,-,Rochdale,New Brighton,1-1,-
-,-,Rotherham United,New Brighton,0-0,-
-,-,Southport,New Brighton,7-2,-
-,-,Stockport County,New Brighton,1-0,-
-,-,Stoke City,New Brighton,1-1,-
-,-,Tranmere Rovers,New Brighton,4-1,-
-,-,Walsall,New Brighton,0-1,-
-,-,Wigan Borough,New Brighton,3-2,-
-,-,Wrexham,New Brighton,2-2,-
-,-,Accrington Stanley,Rochdale,0-1,-
-,-,Ashington,Rochdale,2-2,-
-,-,Barrow,Rochdale,2-3,-
-,-,Bradford Park Avenue,Rochdale,5-1,-
-,-,Chesterfield,Rochdale,2-3,-
-,-,Crewe Alexandra,Rochdale,4-0,-
-,-,Doncaster Rovers,Rochdale,3-2,-
-,-,Durham City,Rochdale,1-3,-
-,-,Halifax Town,Rochdale,1-0,-
-,-,Hartlepool United,Rochdale,3-2,-
-,-,Lincoln City,Rochdale,2-3,-
-,-,Nelson,Rochdale,3-1,-
-,-,New Brighton,Rochdale,1-2,-
-,-,Rotherham United,Rochdale,1-1,-
-,-,Southport,Rochdale,1-1,-
-,-,Stockport County,Rochdale,3-0,-
-,-,Stoke City,Rochdale,3-1,-
-,-,Tranmere Rovers,Rochdale,0-1,-
-,-,Walsall,Rochdale,4-1,-
-,-,Wigan Borough,Rochdale,0-3,-
-,-,Wrexham,Rochdale,2-2,-
-,-,Accrington Stanley,Rotherham United,3-1,-
-,-,Ashington,Rotherham United,4-4,-
-,-,Barrow,Rotherham United,2-2,-
-,-,Bradford Park Avenue,Rotherham United,2-2,-
-,-,Chesterfield,Rotherham United,5-2,-
-,-,Crewe Alexandra,Rotherham United,2-2,-
-,-,Doncaster Rovers,Rotherham United,2-2,-
-,-,Durham City,Rotherham United,0-1,-
-,-,Halifax Town,Rotherham United,4-2,-
-,-,Hartlepool United,Rotherham United,3-1,-
-,-,Lincoln City,Rotherham United,1-2,-
-,-,Nelson,Rotherham United,5-3,-
-,-,New Brighton,Rotherham United,3-0,-
-,-,Rochdale,Rotherham United,2-1,-
-,-,Southport,Rotherham United,2-0,-
-,-,Stockport County,Rotherham United,3-1,-
-,-,Stoke City,Rotherham United,4-1,-
-,-,Tranmere Rovers,Rotherham United,4-0,-
-,-,Walsall,Rotherham United,3-2,-
-,-,Wigan Borough,Rotherham United,0-0,-
-,-,Wrexham,Rotherham United,3-0,-
-,-,Accrington Stanley,Southport,2-2,-
-,-,Ashington,Southport,4-1,-
-,-,Barrow,Southport,1-4,-
-,-,Bradford Park Avenue,Southport,6-2,-
-,-,Chesterfield,Southport,5-1,-
-,-,Crewe Alexandra,Southport,1-0,-
-,-,Doncaster Rovers,Southport,3-1,-
-,-,Durham City,Southport,4-2,-
-,-,Halifax Town,Southport,1-1,-
-,-,Hartlepool United,Southport,2-0,-
-,-,Lincoln City,Southport,1-1,-
-,-,Nelson,Southport,1-2,-
-,-,New Brighton,Southport,4-1,-
-,-,Rochdale,Southport,1-0,-
-,-,Rotherham United,Southport,1-2,-
-,-,Stockport County,Southport,2-4,-
-,-,Stoke City,Southport,4-0,-
-,-,Tranmere Rovers,Southport,3-0,-
-,-,Walsall,Southport,1-1,-
-,-,Wigan Borough,Southport,3-1,-
-,-,Wrexham,Southport,3-0,-
-,-,Accrington Stanley,Stockport County,2-4,-
-,-,Ashington,Stockport County,1-1,-
-,-,Barrow,Stockport County,1-3,-
-,-,Bradford Park Avenue,Stockport County,3-1,-
-,-,Chesterfield,Stockport County,3-0,-
-,-,Crewe Alexandra,Stockport County,3-2,-
-,-,Doncaster Rovers,Stockport County,1-2,-
-,-,Durham City,Stockport County,1-5,-
-,-,Halifax Town,Stockport County,4-1,-
-,-,Hartlepool United,Stockport County,1-2,-
-,-,Lincoln City,Stockport County,1-3,-
-,-,Nelson,Stockport County,6-1,-
-,-,New Brighton,Stockport County,1-2,-
-,-,Rochdale,Stockport County,2-0,-
-,-,Rotherham United,Stockport County,1-2,-
-,-,Southport,Stockport County,2-2,-
-,-,Stoke City,Stockport County,0-1,-
-,-,Tranmere Rovers,Stockport County,0-0,-
-,-,Walsall,Stockport County,1-0,-
-,-,Wigan Borough,Stockport County,2-0,-
-,-,Wrexham,Stockport County,2-1,-
-,-,Accrington Stanley,Stoke City,0-1,-
-,-,Ashington,Stoke City,0-2,-
-,-,Barrow,Stoke City,0-0,-
-,-,Bradford Park Avenue,Stoke City,3-0,-
-,-,Chesterfield,Stoke City,1-1,-
-,-,Crewe Alexandra,Stoke City,0-2,-
-,-,Doncaster Rovers,Stoke City,3-1,-
-,-,Durham City,Stoke City,1-2,-
-,-,Halifax Town,Stoke City,2-2,-
-,-,Hartlepool United,Stoke City,1-3,-
-,-,Lincoln City,Stoke City,1-3,-
-,-,Nelson,Stoke City,1-0,-
-,-,New Brighton,Stoke City,5-0,-
-,-,Rochdale,Stoke City,4-0,-
-,-,Rotherham United,Stoke City,2-2,-
-,-,Southport,Stoke City,0-3,-
-,-,Stockport County,Stoke City,2-2,-
-,-,Tranmere Rovers,Stoke City,1-1,-
-,-,Walsall,Stoke City,0-1,-
-,-,Wigan Borough,Stoke City,0-3,-
-,-,Wrexham,Stoke City,2-6,-
-,-,Accrington Stanley,Tranmere Rovers,2-3,-
-,-,Ashington,Tranmere Rovers,4-3,-
-,-,Barrow,Tranmere Rovers,2-1,-
-,-,Bradford Park Avenue,Tranmere Rovers,5-3,-
-,-,Chesterfield,Tranmere Rovers,3-1,-
-,-,Crewe Alexandra,Tranmere Rovers,4-1,-
-,-,Doncaster Rovers,Tranmere Rovers,4-1,-
-,-,Durham City,Tranmere Rovers,0-3,-
-,-,Halifax Town,Tranmere Rovers,2-0,-
-,-,Hartlepool United,Tranmere Rovers,2-1,-
-,-,Lincoln City,Tranmere Rovers,1-2,-
-,-,Nelson,Tranmere Rovers,0-2,-
-,-,New Brighton,Tranmere Rovers,0-0,-
-,-,Rochdale,Tranmere Rovers,3-1,-
-,-,Rotherham United,Tranmere Rovers,2-2,-
-,-,Southport,Tranmere Rovers,1-3,-
-,-,Stockport County,Tranmere Rovers,2-1,-
-,-,Stoke City,Tranmere Rovers,2-0,-
-,-,Walsall,Tranmere Rovers,5-1,-
-,-,Wigan Borough,Tranmere Rovers,1-1,-
-,-,Wrexham,Tranmere Rovers,0-1,-
-,-,Accrington Stanley,Walsall,3-5,-
-,-,Ashington,Walsall,0-2,-
-,-,Barrow,Walsall,1-0,-
-,-,Bradford Park Avenue,Walsall,5-1,-
-,-,Chesterfield,Walsall,2-0,-
-,-,Crewe Alexandra,Walsall,1-1,-
-,-,Doncaster Rovers,Walsall,2-2,-
-,-,Durham City,Walsall,3-0,-
-,-,Halifax Town,Walsall,1-1,-
-,-,Hartlepool United,Walsall,2-2,-
-,-,Lincoln City,Walsall,3-3,-
-,-,Nelson,Walsall,3-2,-
-,-,New Brighton,Walsall,3-1,-
-,-,Rochdale,Walsall,4-4,-
-,-,Rotherham United,Walsall,4-1,-
-,-,Southport,Walsall,6-1,-
-,-,Stockport County,Walsall,0-2,-
-,-,Stoke City,Walsall,4-1,-
-,-,Tranmere Rovers,Walsall,6-0,-
-,-,Wigan Borough,Walsall,5-2,-
-,-,Wrexham,Walsall,1-2,-
-,-,Accrington Stanley,Wigan Borough,3-1,-
-,-,Ashington,Wigan Borough,1-1,-
-,-,Barrow,Wigan Borough,2-2,-
-,-,Bradford Park Avenue,Wigan Borough,2-1,-
-,-,Chesterfield,Wigan Borough,5-2,-
-,-,Crewe Alexandra,Wigan Borough,2-4,-
-,-,Doncaster Rovers,Wigan Borough,4-1,-
-,-,Durham City,Wigan Borough,3-1,-
-,-,Halifax Town,Wigan Borough,0-0,-
-,-,Hartlepool United,Wigan Borough,2-1,-
-,-,Lincoln City,Wigan Borough,2-0,-
-,-,Nelson,Wigan Borough,4-0,-
-,-,New Brighton,Wigan Borough,3-1,-
-,-,Rochdale,Wigan Borough,4-1,-
-,-,Rotherham United,Wigan Borough,2-0,-
-,-,Southport,Wigan Borough,2-2,-
-,-,Stockport County,Wigan Borough,4-1,-
-,-,Stoke City,Wigan Borough,2-0,-
-,-,Tranmere Rovers,Wigan Borough,3-1,-
-,-,Walsall,Wigan Borough,3-2,-
-,-,Wrexham,Wigan Borough,2-0,-
-,-,Accrington Stanley,Wrexham,1-1,-
-,-,Ashington,Wrexham,1-1,-
-,-,Barrow,Wrexham,0-5,-
-,-,Bradford Park Avenue,Wrexham,5-0,-
-,-,Chesterfield,Wrexham,1-3,-
-,-,Crewe Alexandra,Wrexham,5-1,-
-,-,Doncaster Rovers,Wrexham,2-2,-
-,-,Durham City,Wrexham,1-0,-
-,-,Halifax Town,Wrexham,0-1,-
-,-,Hartlepool United,Wrexham,4-0,-
-,-,Lincoln City,Wrexham,2-2,-
-,-,Nelson,Wrexham,3-0,-
-,-,New Brighton,Wrexham,2-1,-
-,-,Rochdale,Wrexham,3-1,-
-,-,Rotherham United,Wrexham,2-0,-
-,-,Southport,Wrexham,6-0,-
-,-,Stockport County,Wrexham,3-2,-
-,-,Stoke City,Wrexham,2-0,-
-,-,Tranmere Rovers,Wrexham,3-2,-
-,-,Walsall,Wrexham,0-1,-
-,-,Wigan Borough,Wrexham,1-1,-
