Round,Date,Team 1,Team 2,FT,HT
-,-,Birmingham City,Barnsley,0-0,-
-,-,Blackpool,Barnsley,0-2,-
-,-,Bristol City,Barnsley,3-1,-
-,-,Bury,Barnsley,2-0,-
-,-,Coventry City,Barnsley,1-0,-
-,-,Fulham,Barnsley,1-1,-
-,-,Grimsby Town,Barnsley,1-1,-
-,-,Huddersfield Town,Barnsley,4-1,-
-,-,Hull City,Barnsley,3-1,-
-,-,Leicester City,Barnsley,0-0,-
-,-,Leyton Orient,Barnsley,2-0,-
-,-,Lincoln City,Barnsley,0-4,-
-,-,Nottingham Forest,Barnsley,0-1,-
-,-,Port Vale,Barnsley,0-2,-
-,-,Rotherham County,Barnsley,1-0,-
-,-,South Shields,Barnsley,0-0,-
-,-,Stockport County,Barnsley,1-0,-
-,-,Stoke City,Barnsley,2-0,-
-,-,Tottenham Hotspur,Barnsley,4-0,-
-,-,West Ham United,Barnsley,0-2,-
-,-,Wolverhampton Wanderers,Barnsley,2-4,-
-,-,Barnsley,Birmingham City,0-5,-
-,-,Blackpool,Birmingham City,3-0,-
-,-,Bristol City,Birmingham City,1-1,-
-,-,Bury,Birmingham City,1-0,-
-,-,Coventry City,Birmingham City,1-3,-
-,-,Fulham,Birmingham City,1-2,-
-,-,Grimsby Town,Birmingham City,0-3,-
-,-,Huddersfield Town,Birmingham City,0-0,-
-,-,Hull City,Birmingham City,0-0,-
-,-,Leicester City,Birmingham City,1-0,-
-,-,Leyton Orient,Birmingham City,2-1,-
-,-,Lincoln City,Birmingham City,2-2,-
-,-,Nottingham Forest,Birmingham City,1-2,-
-,-,Port Vale,Birmingham City,1-3,-
-,-,Rotherham County,Birmingham City,0-3,-
-,-,South Shields,Birmingham City,1-0,-
-,-,Stockport County,Birmingham City,2-1,-
-,-,Stoke City,Birmingham City,0-1,-
-,-,Tottenham Hotspur,Birmingham City,0-0,-
-,-,West Ham United,Birmingham City,1-2,-
-,-,Wolverhampton Wanderers,Birmingham City,0-2,-
-,-,Barnsley,Blackpool,1-1,-
-,-,Birmingham City,Blackpool,4-2,-
-,-,Bristol City,Blackpool,0-0,-
-,-,Bury,Blackpool,1-2,-
-,-,Coventry City,Blackpool,0-0,-
-,-,Fulham,Blackpool,1-2,-
-,-,Grimsby Town,Blackpool,1-1,-
-,-,Huddersfield Town,Blackpool,1-3,-
-,-,Hull City,Blackpool,0-1,-
-,-,Leeds City,Blackpool,1-0,-
-,-,Leicester City,Blackpool,2-3,-
-,-,Leyton Orient,Blackpool,3-0,-
-,-,Lincoln City,Blackpool,0-3,-
-,-,Nottingham Forest,Blackpool,2-0,-
-,-,Rotherham County,Blackpool,1-2,-
-,-,South Shields,Blackpool,6-0,-
-,-,Stockport County,Blackpool,0-0,-
-,-,Stoke City,Blackpool,2-0,-
-,-,Tottenham Hotspur,Blackpool,2-2,-
-,-,West Ham United,Blackpool,1-0,-
-,-,Wolverhampton Wanderers,Blackpool,0-3,-
-,-,Barnsley,Bristol City,0-0,-
-,-,Birmingham City,Bristol City,1-0,-
-,-,Blackpool,Bristol City,0-0,-
-,-,Bury,Bristol City,0-1,-
-,-,Coventry City,Bristol City,0-0,-
-,-,Fulham,Bristol City,1-1,-
-,-,Grimsby Town,Bristol City,2-2,-
-,-,Huddersfield Town,Bristol City,1-0,-
-,-,Hull City,Bristol City,0-0,-
-,-,Leicester City,Bristol City,2-1,-
-,-,Leyton Orient,Bristol City,1-0,-
-,-,Lincoln City,Bristol City,0-0,-
-,-,Nottingham Forest,Bristol City,1-2,-
-,-,Port Vale,Bristol City,3-1,-
-,-,Rotherham County,Bristol City,2-2,-
-,-,South Shields,Bristol City,0-2,-
-,-,Stockport County,Bristol City,2-3,-
-,-,Stoke City,Bristol City,2-0,-
-,-,Tottenham Hotspur,Bristol City,2-0,-
-,-,West Ham United,Bristol City,2-0,-
-,-,Wolverhampton Wanderers,Bristol City,3-1,-
-,-,Barnsley,Bury,1-3,-
-,-,Birmingham City,Bury,0-2,-
-,-,Blackpool,Bury,1-0,-
-,-,Bristol City,Bury,1-0,-
-,-,Coventry City,Bury,2-1,-
-,-,Fulham,Bury,1-0,-
-,-,Grimsby Town,Bury,1-2,-
-,-,Huddersfield Town,Bury,5-0,-
-,-,Hull City,Bury,4-2,-
-,-,Leicester City,Bury,0-5,-
-,-,Leyton Orient,Bury,2-1,-
-,-,Lincoln City,Bury,2-1,-
-,-,Nottingham Forest,Bury,1-0,-
-,-,Port Vale,Bury,2-2,-
-,-,Rotherham County,Bury,1-2,-
-,-,South Shields,Bury,0-0,-
-,-,Stockport County,Bury,1-1,-
-,-,Stoke City,Bury,1-1,-
-,-,Tottenham Hotspur,Bury,2-1,-
-,-,West Ham United,Bury,1-0,-
-,-,Wolverhampton Wanderers,Bury,0-1,-
-,-,Barnsley,Coventry City,1-0,-
-,-,Birmingham City,Coventry City,4-1,-
-,-,Blackpool,Coventry City,2-0,-
-,-,Bristol City,Coventry City,1-0,-
-,-,Bury,Coventry City,2-2,-
-,-,Fulham,Coventry City,0-0,-
-,-,Grimsby Town,Coventry City,0-1,-
-,-,Huddersfield Town,Coventry City,5-0,-
-,-,Hull City,Coventry City,0-1,-
-,-,Leeds City,Coventry City,3-0,-
-,-,Leicester City,Coventry City,1-0,-
-,-,Leyton Orient,Coventry City,2-2,-
-,-,Lincoln City,Coventry City,4-1,-
-,-,Nottingham Forest,Coventry City,2-1,-
-,-,Rotherham County,Coventry City,4-3,-
-,-,South Shields,Coventry City,1-0,-
-,-,Stockport County,Coventry City,1-1,-
-,-,Stoke City,Coventry City,6-1,-
-,-,Tottenham Hotspur,Coventry City,4-1,-
-,-,West Ham United,Coventry City,2-0,-
-,-,Wolverhampton Wanderers,Coventry City,2-0,-
-,-,Barnsley,Fulham,4-1,-
-,-,Birmingham City,Fulham,2-0,-
-,-,Blackpool,Fulham,1-1,-
-,-,Bristol City,Fulham,0-3,-
-,-,Bury,Fulham,2-2,-
-,-,Coventry City,Fulham,0-1,-
-,-,Grimsby Town,Fulham,0-2,-
-,-,Huddersfield Town,Fulham,3-0,-
-,-,Hull City,Fulham,2-0,-
-,-,Leicester City,Fulham,3-2,-
-,-,Leyton Orient,Fulham,0-1,-
-,-,Lincoln City,Fulham,0-1,-
-,-,Nottingham Forest,Fulham,0-3,-
-,-,Port Vale,Fulham,3-4,-
-,-,Rotherham County,Fulham,1-1,-
-,-,South Shields,Fulham,2-0,-
-,-,Stockport County,Fulham,2-1,-
-,-,Stoke City,Fulham,1-0,-
-,-,Tottenham Hotspur,Fulham,4-0,-
-,-,West Ham United,Fulham,0-1,-
-,-,Wolverhampton Wanderers,Fulham,2-1,-
-,-,Barnsley,Grimsby Town,0-1,-
-,-,Birmingham City,Grimsby Town,4-0,-
-,-,Blackpool,Grimsby Town,2-0,-
-,-,Bristol City,Grimsby Town,3-1,-
-,-,Bury,Grimsby Town,1-1,-
-,-,Coventry City,Grimsby Town,2-0,-
-,-,Fulham,Grimsby Town,2-1,-
-,-,Huddersfield Town,Grimsby Town,3-0,-
-,-,Hull City,Grimsby Town,4-1,-
-,-,Leicester City,Grimsby Town,2-0,-
-,-,Leyton Orient,Grimsby Town,3-0,-
-,-,Lincoln City,Grimsby Town,2-0,-
-,-,Nottingham Forest,Grimsby Town,2-0,-
-,-,Port Vale,Grimsby Town,2-1,-
-,-,Rotherham County,Grimsby Town,3-1,-
-,-,South Shields,Grimsby Town,2-0,-
-,-,Stockport County,Grimsby Town,1-2,-
-,-,Stoke City,Grimsby Town,3-0,-
-,-,Tottenham Hotspur,Grimsby Town,3-1,-
-,-,West Ham United,Grimsby Town,1-0,-
-,-,Wolverhampton Wanderers,Grimsby Town,6-1,-
-,-,Barnsley,Huddersfield Town,3-3,-
-,-,Birmingham City,Huddersfield Town,4-2,-
-,-,Blackpool,Huddersfield Town,0-3,-
-,-,Bristol City,Huddersfield Town,2-1,-
-,-,Bury,Huddersfield Town,2-0,-
-,-,Coventry City,Huddersfield Town,0-2,-
-,-,Fulham,Huddersfield Town,2-2,-
-,-,Grimsby Town,Huddersfield Town,1-0,-
-,-,Hull City,Huddersfield Town,1-4,-
-,-,Leicester City,Huddersfield Town,0-4,-
-,-,Leyton Orient,Huddersfield Town,0-1,-
-,-,Lincoln City,Huddersfield Town,1-3,-
-,-,Nottingham Forest,Huddersfield Town,1-2,-
-,-,Port Vale,Huddersfield Town,0-0,-
-,-,Rotherham County,Huddersfield Town,1-3,-
-,-,South Shields,Huddersfield Town,1-2,-
-,-,Stockport County,Huddersfield Town,1-2,-
-,-,Stoke City,Huddersfield Town,0-1,-
-,-,Tottenham Hotspur,Huddersfield Town,2-0,-
-,-,West Ham United,Huddersfield Town,1-1,-
-,-,Wolverhampton Wanderers,Huddersfield Town,2-3,-
-,-,Barnsley,Hull City,2-3,-
-,-,Birmingham City,Hull City,4-1,-
-,-,Blackpool,Hull City,2-1,-
-,-,Bristol City,Hull City,2-2,-
-,-,Bury,Hull City,2-0,-
-,-,Coventry City,Hull City,0-1,-
-,-,Fulham,Hull City,1-0,-
-,-,Grimsby Town,Hull City,2-1,-
-,-,Huddersfield Town,Hull City,2-0,-
-,-,Leeds City,Hull City,1-2,-
-,-,Leicester City,Hull City,3-2,-
-,-,Leyton Orient,Hull City,2-2,-
-,-,Lincoln City,Hull City,2-0,-
-,-,Nottingham Forest,Hull City,0-2,-
-,-,Rotherham County,Hull City,1-2,-
-,-,South Shields,Hull City,7-1,-
-,-,Stockport County,Hull City,3-1,-
-,-,Stoke City,Hull City,3-1,-
-,-,Tottenham Hotspur,Hull City,4-0,-
-,-,West Ham United,Hull City,2-1,-
-,-,Wolverhampton Wanderers,Hull City,4-2,-
-,-,Blackpool,Leeds City,4-2,-
-,-,Coventry City,Leeds City,0-4,-
-,-,Hull City,Leeds City,1-1,-
-,-,Wolverhampton Wanderers,Leeds City,2-4,-
-,-,Barnsley,Leicester City,0-1,-
-,-,Birmingham City,Leicester City,0-1,-
-,-,Blackpool,Leicester City,3-0,-
-,-,Bristol City,Leicester City,0-0,-
-,-,Bury,Leicester City,1-0,-
-,-,Coventry City,Leicester City,1-2,-
-,-,Fulham,Leicester City,5-0,-
-,-,Grimsby Town,Leicester City,1-2,-
-,-,Huddersfield Town,Leicester City,0-0,-
-,-,Hull City,Leicester City,5-1,-
-,-,Leyton Orient,Leicester City,3-0,-
-,-,Lincoln City,Leicester City,0-3,-
-,-,Nottingham Forest,Leicester City,0-0,-
-,-,Port Vale,Leicester City,1-2,-
-,-,Rotherham County,Leicester City,1-0,-
-,-,South Shields,Leicester City,2-0,-
-,-,Stockport County,Leicester City,0-2,-
-,-,Stoke City,Leicester City,3-0,-
-,-,Tottenham Hotspur,Leicester City,4-0,-
-,-,West Ham United,Leicester City,1-0,-
-,-,Wolverhampton Wanderers,Leicester City,1-1,-
-,-,Barnsley,Leyton Orient,2-1,-
-,-,Birmingham City,Leyton Orient,2-1,-
-,-,Blackpool,Leyton Orient,3-0,-
-,-,Bristol City,Leyton Orient,1-1,-
-,-,Bury,Leyton Orient,3-0,-
-,-,Coventry City,Leyton Orient,0-0,-
-,-,Fulham,Leyton Orient,2-1,-
-,-,Grimsby Town,Leyton Orient,2-0,-
-,-,Huddersfield Town,Leyton Orient,2-1,-
-,-,Hull City,Leyton Orient,3-1,-
-,-,Leicester City,Leyton Orient,1-1,-
-,-,Lincoln City,Leyton Orient,2-1,-
-,-,Nottingham Forest,Leyton Orient,2-1,-
-,-,Port Vale,Leyton Orient,4-2,-
-,-,Rotherham County,Leyton Orient,3-1,-
-,-,South Shields,Leyton Orient,2-0,-
-,-,Stockport County,Leyton Orient,3-1,-
-,-,Stoke City,Leyton Orient,2-0,-
-,-,Tottenham Hotspur,Leyton Orient,2-1,-
-,-,West Ham United,Leyton Orient,0-1,-
-,-,Wolverhampton Wanderers,Leyton Orient,1-2,-
-,-,Barnsley,Lincoln City,5-3,-
-,-,Birmingham City,Lincoln City,7-0,-
-,-,Blackpool,Lincoln City,6-0,-
-,-,Bristol City,Lincoln City,6-0,-
-,-,Bury,Lincoln City,3-0,-
-,-,Coventry City,Lincoln City,2-0,-
-,-,Fulham,Lincoln City,3-0,-
-,-,Grimsby Town,Lincoln City,2-2,-
-,-,Huddersfield Town,Lincoln City,4-2,-
-,-,Hull City,Lincoln City,5-2,-
-,-,Leicester City,Lincoln City,4-0,-
-,-,Leyton Orient,Lincoln City,1-0,-
-,-,Nottingham Forest,Lincoln City,2-1,-
-,-,Port Vale,Lincoln City,1-0,-
-,-,Rotherham County,Lincoln City,3-0,-
-,-,South Shields,Lincoln City,2-2,-
-,-,Stockport County,Lincoln City,3-0,-
-,-,Stoke City,Lincoln City,1-3,-
-,-,Tottenham Hotspur,Lincoln City,6-1,-
-,-,West Ham United,Lincoln City,1-1,-
-,-,Wolverhampton Wanderers,Lincoln City,4-0,-
-,-,Barnsley,Nottingham Forest,2-2,-
-,-,Birmingham City,Nottingham Forest,8-0,-
-,-,Blackpool,Nottingham Forest,3-2,-
-,-,Bristol City,Nottingham Forest,0-0,-
-,-,Bury,Nottingham Forest,1-1,-
-,-,Coventry City,Nottingham Forest,4-2,-
-,-,Fulham,Nottingham Forest,1-0,-
-,-,Grimsby Town,Nottingham Forest,1-0,-
-,-,Huddersfield Town,Nottingham Forest,2-1,-
-,-,Hull City,Nottingham Forest,2-0,-
-,-,Leicester City,Nottingham Forest,0-0,-
-,-,Leyton Orient,Nottingham Forest,1-0,-
-,-,Lincoln City,Nottingham Forest,1-4,-
-,-,Port Vale,Nottingham Forest,4-1,-
-,-,Rotherham County,Nottingham Forest,2-0,-
-,-,South Shields,Nottingham Forest,5-2,-
-,-,Stockport County,Nottingham Forest,0-0,-
-,-,Stoke City,Nottingham Forest,0-2,-
-,-,Tottenham Hotspur,Nottingham Forest,5-2,-
-,-,West Ham United,Nottingham Forest,5-1,-
-,-,Wolverhampton Wanderers,Nottingham Forest,4-0,-
-,-,Barnsley,Port Vale,1-0,-
-,-,Birmingham City,Port Vale,3-0,-
-,-,Bristol City,Port Vale,1-1,-
-,-,Bury,Port Vale,2-1,-
-,-,Fulham,Port Vale,4-0,-
-,-,Grimsby Town,Port Vale,2-0,-
-,-,Huddersfield Town,Port Vale,4-1,-
-,-,Leicester City,Port Vale,0-1,-
-,-,Leyton Orient,Port Vale,2-1,-
-,-,Lincoln City,Port Vale,0-0,-
-,-,Nottingham Forest,Port Vale,0-1,-
-,-,Rotherham County,Port Vale,2-2,-
-,-,South Shields,Port Vale,2-0,-
-,-,Stockport County,Port Vale,0-4,-
-,-,Stoke City,Port Vale,0-0,-
-,-,Tottenham Hotspur,Port Vale,2-0,-
-,-,West Ham United,Port Vale,3-1,-
-,-,Barnsley,Rotherham County,4-0,-
-,-,Birmingham City,Rotherham County,2-2,-
-,-,Blackpool,Rotherham County,5-1,-
-,-,Bristol City,Rotherham County,2-1,-
-,-,Bury,Rotherham County,4-1,-
-,-,Coventry City,Rotherham County,1-1,-
-,-,Fulham,Rotherham County,3-0,-
-,-,Grimsby Town,Rotherham County,0-1,-
-,-,Huddersfield Town,Rotherham County,7-1,-
-,-,Hull City,Rotherham County,1-0,-
-,-,Leicester City,Rotherham County,1-1,-
-,-,Leyton Orient,Rotherham County,1-2,-
-,-,Lincoln City,Rotherham County,0-0,-
-,-,Nottingham Forest,Rotherham County,4-1,-
-,-,Port Vale,Rotherham County,4-2,-
-,-,South Shields,Rotherham County,6-2,-
-,-,Stockport County,Rotherham County,4-1,-
-,-,Stoke City,Rotherham County,3-0,-
-,-,Tottenham Hotspur,Rotherham County,2-0,-
-,-,West Ham United,Rotherham County,2-1,-
-,-,Wolverhampton Wanderers,Rotherham County,0-1,-
-,-,Barnsley,South Shields,0-1,-
-,-,Birmingham City,South Shields,4-0,-
-,-,Blackpool,South Shields,0-3,-
-,-,Bristol City,South Shields,3-1,-
-,-,Bury,South Shields,2-1,-
-,-,Coventry City,South Shields,1-1,-
-,-,Fulham,South Shields,1-0,-
-,-,Grimsby Town,South Shields,3-1,-
-,-,Huddersfield Town,South Shields,2-2,-
-,-,Hull City,South Shields,3-0,-
-,-,Leicester City,South Shields,0-0,-
-,-,Leyton Orient,South Shields,4-0,-
-,-,Lincoln City,South Shields,1-1,-
-,-,Nottingham Forest,South Shields,0-0,-
-,-,Port Vale,South Shields,1-0,-
-,-,Rotherham County,South Shields,1-0,-
-,-,Stockport County,South Shields,1-0,-
-,-,Stoke City,South Shields,0-0,-
-,-,Tottenham Hotspur,South Shields,2-0,-
-,-,West Ham United,South Shields,1-0,-
-,-,Wolverhampton Wanderers,South Shields,0-0,-
-,-,Barnsley,Stockport County,0-0,-
-,-,Birmingham City,Stockport County,1-1,-
-,-,Blackpool,Stockport County,1-0,-
-,-,Bristol City,Stockport County,1-0,-
-,-,Bury,Stockport County,0-2,-
-,-,Coventry City,Stockport County,1-1,-
-,-,Fulham,Stockport County,4-1,-
-,-,Grimsby Town,Stockport County,0-3,-
-,-,Huddersfield Town,Stockport County,5-0,-
-,-,Hull City,Stockport County,4-1,-
-,-,Leicester City,Stockport County,0-2,-
-,-,Leyton Orient,Stockport County,2-1,-
-,-,Lincoln City,Stockport County,2-0,-
-,-,Nottingham Forest,Stockport County,1-1,-
-,-,Port Vale,Stockport County,2-0,-
-,-,Rotherham County,Stockport County,1-0,-
-,-,South Shields,Stockport County,3-2,-
-,-,Stoke City,Stockport County,2-1,-
-,-,Tottenham Hotspur,Stockport County,2-0,-
-,-,West Ham United,Stockport County,3-0,-
-,-,Wolverhampton Wanderers,Stockport County,2-2,-
-,-,Barnsley,Stoke City,1-2,-
-,-,Birmingham City,Stoke City,2-1,-
-,-,Blackpool,Stoke City,3-1,-
-,-,Bristol City,Stoke City,1-2,-
-,-,Bury,Stoke City,1-0,-
-,-,Coventry City,Stoke City,3-2,-
-,-,Fulham,Stoke City,0-0,-
-,-,Grimsby Town,Stoke City,2-0,-
-,-,Huddersfield Town,Stoke City,3-0,-
-,-,Hull City,Stoke City,3-0,-
-,-,Leicester City,Stoke City,3-1,-
-,-,Leyton Orient,Stoke City,2-1,-
-,-,Lincoln City,Stoke City,2-1,-
-,-,Nottingham Forest,Stoke City,0-2,-
-,-,Port Vale,Stoke City,0-3,-
-,-,Rotherham County,Stoke City,1-3,-
-,-,South Shields,Stoke City,2-2,-
-,-,Stockport County,Stoke City,3-1,-
-,-,Tottenham Hotspur,Stoke City,2-0,-
-,-,West Ham United,Stoke City,1-1,-
-,-,Wolverhampton Wanderers,Stoke City,4-0,-
-,-,Barnsley,Tottenham Hotspur,3-0,-
-,-,Birmingham City,Tottenham Hotspur,0-1,-
-,-,Blackpool,Tottenham Hotspur,0-1,-
-,-,Bristol City,Tottenham Hotspur,1-2,-
-,-,Bury,Tottenham Hotspur,2-1,-
-,-,Coventry City,Tottenham Hotspur,0-5,-
-,-,Fulham,Tottenham Hotspur,1-4,-
-,-,Grimsby Town,Tottenham Hotspur,2-0,-
-,-,Huddersfield Town,Tottenham Hotspur,1-1,-
-,-,Hull City,Tottenham Hotspur,1-3,-
-,-,Leicester City,Tottenham Hotspur,2-4,-
-,-,Leyton Orient,Tottenham Hotspur,0-4,-
-,-,Lincoln City,Tottenham Hotspur,1-1,-
-,-,Nottingham Forest,Tottenham Hotspur,1-1,-
-,-,Port Vale,Tottenham Hotspur,0-1,-
-,-,Rotherham County,Tottenham Hotspur,1-1,-
-,-,South Shields,Tottenham Hotspur,0-3,-
-,-,Stockport County,Tottenham Hotspur,1-2,-
-,-,Stoke City,Tottenham Hotspur,1-3,-
-,-,West Ham United,Tottenham Hotspur,2-1,-
-,-,Wolverhampton Wanderers,Tottenham Hotspur,1-3,-
-,-,Barnsley,West Ham United,7-0,-
-,-,Birmingham City,West Ham United,0-1,-
-,-,Blackpool,West Ham United,0-0,-
-,-,Bristol City,West Ham United,0-0,-
-,-,Bury,West Ham United,1-0,-
-,-,Coventry City,West Ham United,0-0,-
-,-,Fulham,West Ham United,1-2,-
-,-,Grimsby Town,West Ham United,0-1,-
-,-,Huddersfield Town,West Ham United,2-0,-
-,-,Hull City,West Ham United,1-1,-
-,-,Leicester City,West Ham United,0-0,-
-,-,Leyton Orient,West Ham United,1-0,-
-,-,Lincoln City,West Ham United,1-4,-
-,-,Nottingham Forest,West Ham United,2-1,-
-,-,Port Vale,West Ham United,1-0,-
-,-,Rotherham County,West Ham United,0-1,-
-,-,South Shields,West Ham United,3-0,-
-,-,Stockport County,West Ham United,1-0,-
-,-,Stoke City,West Ham United,2-1,-
-,-,Tottenham Hotspur,West Ham United,2-0,-
-,-,Wolverhampton Wanderers,West Ham United,1-1,-
-,-,Barnsley,Wolverhampton Wanderers,4-1,-
-,-,Birmingham City,Wolverhampton Wanderers,2-0,-
-,-,Blackpool,Wolverhampton Wanderers,1-1,-
-,-,Bristol City,Wolverhampton Wanderers,1-1,-
-,-,Bury,Wolverhampton Wanderers,2-0,-
-,-,Coventry City,Wolverhampton Wanderers,1-0,-
-,-,Fulham,Wolverhampton Wanderers,1-1,-
-,-,Grimsby Town,Wolverhampton Wanderers,0-1,-
-,-,Huddersfield Town,Wolverhampton Wanderers,2-0,-
-,-,Hull City,Wolverhampton Wanderers,10-3,-
-,-,Leeds City,Wolverhampton Wanderers,1-1,-
-,-,Leicester City,Wolverhampton Wanderers,1-2,-
-,-,Leyton Orient,Wolverhampton Wanderers,0-0,-
-,-,Lincoln City,Wolverhampton Wanderers,4-0,-
-,-,Nottingham Forest,Wolverhampton Wanderers,1-0,-
-,-,Rotherham County,Wolverhampton Wanderers,2-0,-
-,-,South Shields,Wolverhampton Wanderers,0-0,-
-,-,Stockport County,Wolverhampton Wanderers,4-1,-
-,-,Stoke City,Wolverhampton Wanderers,3-0,-
-,-,Tottenham Hotspur,Wolverhampton Wanderers,4-2,-
-,-,West Ham United,Wolverhampton Wanderers,4-0,-
