Round,Date,Team 1,Team 2,FT,HT
-,-,Aston Villa,Arsenal,2-1,-
-,-,Blackpool,Arsenal,2-2,-
-,-,Bolton Wanderers,Arsenal,2-2,-
-,-,Burnley,Arsenal,3-0,-
-,-,Cardiff City,Arsenal,1-2,-
-,-,Charlton Athletic,Arsenal,1-1,-
-,-,Chelsea,Arsenal,1-1,-
-,-,Everton,Arsenal,1-0,-
-,-,Huddersfield Town,Arsenal,0-1,-
-,-,Leicester City,Arsenal,3-3,-
-,-,Manchester City,Arsenal,2-1,-
-,-,Manchester United,Arsenal,2-1,-
-,-,Newcastle United,Arsenal,5-1,-
-,-,Portsmouth,Arsenal,2-1,-
-,-,Preston North End,Arsenal,3-1,-
-,-,Sheffield United,Arsenal,1-1,-
-,-,Sheffield Wednesday,Arsenal,1-2,-
-,-,Sunderland,Arsenal,0-1,-
-,-,Tottenham Hotspur,Arsenal,0-1,-
-,-,West Bromwich Albion,Arsenal,3-1,-
-,-,Wolverhampton Wanderers,Arsenal,3-1,-
-,-,Arsenal,Aston Villa,2-0,-
-,-,Blackpool,Aston Villa,0-1,-
-,-,Bolton Wanderers,Aston Villa,3-3,-
-,-,Burnley,Aston Villa,2-0,-
-,-,Cardiff City,Aston Villa,0-1,-
-,-,Charlton Athletic,Aston Villa,6-1,-
-,-,Chelsea,Aston Villa,4-0,-
-,-,Everton,Aston Villa,0-1,-
-,-,Huddersfield Town,Aston Villa,1-2,-
-,-,Leicester City,Aston Villa,4-2,-
-,-,Manchester City,Aston Villa,2-4,-
-,-,Manchester United,Aston Villa,0-1,-
-,-,Newcastle United,Aston Villa,5-3,-
-,-,Portsmouth,Aston Villa,2-2,-
-,-,Preston North End,Aston Villa,0-3,-
-,-,Sheffield United,Aston Villa,1-3,-
-,-,Sheffield Wednesday,Aston Villa,6-3,-
-,-,Sunderland,Aston Villa,0-0,-
-,-,Tottenham Hotspur,Aston Villa,1-1,-
-,-,West Bromwich Albion,Aston Villa,2-3,-
-,-,Wolverhampton Wanderers,Aston Villa,1-0,-
-,-,Arsenal,Blackpool,3-0,-
-,-,Aston Villa,Blackpool,3-1,-
-,-,Bolton Wanderers,Blackpool,3-0,-
-,-,Burnley,Blackpool,0-1,-
-,-,Cardiff City,Blackpool,1-2,-
-,-,Charlton Athletic,Blackpool,3-3,-
-,-,Chelsea,Blackpool,0-0,-
-,-,Everton,Blackpool,0-1,-
-,-,Huddersfield Town,Blackpool,1-3,-
-,-,Leicester City,Blackpool,2-2,-
-,-,Manchester City,Blackpool,1-6,-
-,-,Manchester United,Blackpool,4-1,-
-,-,Newcastle United,Blackpool,1-1,-
-,-,Portsmouth,Blackpool,3-0,-
-,-,Preston North End,Blackpool,3-1,-
-,-,Sheffield United,Blackpool,2-1,-
-,-,Sheffield Wednesday,Blackpool,2-1,-
-,-,Sunderland,Blackpool,2-0,-
-,-,Tottenham Hotspur,Blackpool,3-2,-
-,-,West Bromwich Albion,Blackpool,0-1,-
-,-,Wolverhampton Wanderers,Blackpool,1-0,-
-,-,Arsenal,Bolton Wanderers,3-0,-
-,-,Aston Villa,Bolton Wanderers,3-0,-
-,-,Blackpool,Bolton Wanderers,2-3,-
-,-,Burnley,Bolton Wanderers,2-0,-
-,-,Cardiff City,Bolton Wanderers,2-2,-
-,-,Charlton Athletic,Bolton Wanderers,2-0,-
-,-,Chelsea,Bolton Wanderers,3-2,-
-,-,Everton,Bolton Wanderers,0-0,-
-,-,Huddersfield Town,Bolton Wanderers,2-0,-
-,-,Leicester City,Bolton Wanderers,4-0,-
-,-,Manchester City,Bolton Wanderers,4-2,-
-,-,Manchester United,Bolton Wanderers,1-1,-
-,-,Newcastle United,Bolton Wanderers,0-0,-
-,-,Portsmouth,Bolton Wanderers,1-0,-
-,-,Preston North End,Bolton Wanderers,2-2,-
-,-,Sheffield United,Bolton Wanderers,2-0,-
-,-,Sheffield Wednesday,Bolton Wanderers,3-2,-
-,-,Sunderland,Bolton Wanderers,1-1,-
-,-,Tottenham Hotspur,Bolton Wanderers,2-0,-
-,-,West Bromwich Albion,Bolton Wanderers,0-0,-
-,-,Wolverhampton Wanderers,Bolton Wanderers,1-2,-
-,-,Arsenal,Burnley,4-0,-
-,-,Aston Villa,Burnley,3-1,-
-,-,Blackpool,Burnley,1-0,-
-,-,Bolton Wanderers,Burnley,0-1,-
-,-,Cardiff City,Burnley,0-3,-
-,-,Charlton Athletic,Burnley,3-1,-
-,-,Chelsea,Burnley,1-0,-
-,-,Everton,Burnley,1-1,-
-,-,Huddersfield Town,Burnley,0-1,-
-,-,Leicester City,Burnley,2-2,-
-,-,Manchester City,Burnley,0-0,-
-,-,Manchester United,Burnley,1-0,-
-,-,Newcastle United,Burnley,2-1,-
-,-,Portsmouth,Burnley,0-2,-
-,-,Preston North End,Burnley,0-1,-
-,-,Sheffield United,Burnley,1-0,-
-,-,Sheffield Wednesday,Burnley,1-1,-
-,-,Sunderland,Burnley,2-2,-
-,-,Tottenham Hotspur,Burnley,0-3,-
-,-,West Bromwich Albion,Burnley,2-2,-
-,-,Wolverhampton Wanderers,Burnley,5-0,-
-,-,Arsenal,Cardiff City,2-0,-
-,-,Aston Villa,Cardiff City,0-2,-
-,-,Blackpool,Cardiff City,0-0,-
-,-,Bolton Wanderers,Cardiff City,0-0,-
-,-,Burnley,Cardiff City,1-0,-
-,-,Charlton Athletic,Cardiff City,4-1,-
-,-,Chelsea,Cardiff City,1-1,-
-,-,Everton,Cardiff City,1-1,-
-,-,Huddersfield Town,Cardiff City,2-0,-
-,-,Leicester City,Cardiff City,2-1,-
-,-,Manchester City,Cardiff City,4-1,-
-,-,Manchester United,Cardiff City,5-2,-
-,-,Newcastle United,Cardiff City,3-0,-
-,-,Portsmouth,Cardiff City,1-3,-
-,-,Preston North End,Cardiff City,7-1,-
-,-,Sheffield United,Cardiff City,1-3,-
-,-,Sheffield Wednesday,Cardiff City,1-1,-
-,-,Sunderland,Cardiff City,1-1,-
-,-,Tottenham Hotspur,Cardiff City,0-2,-
-,-,West Bromwich Albion,Cardiff City,1-0,-
-,-,Wolverhampton Wanderers,Cardiff City,1-1,-
-,-,Arsenal,Charlton Athletic,3-1,-
-,-,Aston Villa,Charlton Athletic,1-2,-
-,-,Blackpool,Charlton Athletic,1-1,-
-,-,Bolton Wanderers,Charlton Athletic,3-2,-
-,-,Burnley,Charlton Athletic,3-0,-
-,-,Cardiff City,Charlton Athletic,4-3,-
-,-,Chelsea,Charlton Athletic,1-2,-
-,-,Everton,Charlton Athletic,2-2,-
-,-,Huddersfield Town,Charlton Athletic,0-0,-
-,-,Leicester City,Charlton Athletic,0-1,-
-,-,Manchester City,Charlton Athletic,1-5,-
-,-,Manchester United,Charlton Athletic,3-1,-
-,-,Newcastle United,Charlton Athletic,3-1,-
-,-,Portsmouth,Charlton Athletic,2-0,-
-,-,Preston North End,Charlton Athletic,1-2,-
-,-,Sheffield United,Charlton Athletic,5-0,-
-,-,Sheffield Wednesday,Charlton Athletic,2-2,-
-,-,Sunderland,Charlton Athletic,1-2,-
-,-,Tottenham Hotspur,Charlton Athletic,1-4,-
-,-,West Bromwich Albion,Charlton Athletic,2-1,-
-,-,Wolverhampton Wanderers,Charlton Athletic,2-1,-
-,-,Arsenal,Chelsea,1-0,-
-,-,Aston Villa,Chelsea,3-2,-
-,-,Blackpool,Chelsea,1-0,-
-,-,Bolton Wanderers,Chelsea,2-5,-
-,-,Burnley,Chelsea,1-1,-
-,-,Cardiff City,Chelsea,0-1,-
-,-,Charlton Athletic,Chelsea,0-2,-
-,-,Everton,Chelsea,1-1,-
-,-,Huddersfield Town,Chelsea,1-0,-
-,-,Leicester City,Chelsea,1-1,-
-,-,Manchester City,Chelsea,1-1,-
-,-,Manchester United,Chelsea,2-1,-
-,-,Newcastle United,Chelsea,1-3,-
-,-,Portsmouth,Chelsea,0-0,-
-,-,Preston North End,Chelsea,1-2,-
-,-,Sheffield United,Chelsea,1-2,-
-,-,Sheffield Wednesday,Chelsea,1-1,-
-,-,Sunderland,Chelsea,3-3,-
-,-,Tottenham Hotspur,Chelsea,2-4,-
-,-,West Bromwich Albion,Chelsea,2-4,-
-,-,Wolverhampton Wanderers,Chelsea,3-4,-
-,-,Arsenal,Everton,2-0,-
-,-,Aston Villa,Everton,0-2,-
-,-,Blackpool,Everton,4-0,-
-,-,Bolton Wanderers,Everton,2-0,-
-,-,Burnley,Everton,0-2,-
-,-,Cardiff City,Everton,4-3,-
-,-,Charlton Athletic,Everton,5-0,-
-,-,Chelsea,Everton,0-2,-
-,-,Huddersfield Town,Everton,2-1,-
-,-,Leicester City,Everton,2-2,-
-,-,Manchester City,Everton,1-0,-
-,-,Manchester United,Everton,1-2,-
-,-,Newcastle United,Everton,4-0,-
-,-,Portsmouth,Everton,5-0,-
-,-,Preston North End,Everton,0-0,-
-,-,Sheffield United,Everton,2-5,-
-,-,Sheffield Wednesday,Everton,2-2,-
-,-,Sunderland,Everton,3-0,-
-,-,Tottenham Hotspur,Everton,1-3,-
-,-,West Bromwich Albion,Everton,3-3,-
-,-,Wolverhampton Wanderers,Everton,1-3,-
-,-,Arsenal,Huddersfield Town,3-5,-
-,-,Aston Villa,Huddersfield Town,0-0,-
-,-,Blackpool,Huddersfield Town,1-1,-
-,-,Bolton Wanderers,Huddersfield Town,1-0,-
-,-,Burnley,Huddersfield Town,1-1,-
-,-,Cardiff City,Huddersfield Town,1-1,-
-,-,Charlton Athletic,Huddersfield Town,2-1,-
-,-,Chelsea,Huddersfield Town,4-1,-
-,-,Everton,Huddersfield Town,4-0,-
-,-,Leicester City,Huddersfield Town,1-3,-
-,-,Manchester City,Huddersfield Town,2-4,-
-,-,Manchester United,Huddersfield Town,1-1,-
-,-,Newcastle United,Huddersfield Town,2-2,-
-,-,Portsmouth,Huddersfield Town,4-2,-
-,-,Preston North End,Huddersfield Town,2-3,-
-,-,Sheffield United,Huddersfield Town,2-2,-
-,-,Sheffield Wednesday,Huddersfield Town,4-1,-
-,-,Sunderland,Huddersfield Town,1-1,-
-,-,Tottenham Hotspur,Huddersfield Town,1-1,-
-,-,West Bromwich Albion,Huddersfield Town,2-1,-
-,-,Wolverhampton Wanderers,Huddersfield Town,6-4,-
-,-,Arsenal,Leicester City,1-1,-
-,-,Aston Villa,Leicester City,2-5,-
-,-,Blackpool,Leicester City,2-0,-
-,-,Bolton Wanderers,Leicester City,4-1,-
-,-,Burnley,Leicester City,3-1,-
-,-,Cardiff City,Leicester City,2-1,-
-,-,Charlton Athletic,Leicester City,2-3,-
-,-,Chelsea,Leicester City,3-1,-
-,-,Everton,Leicester City,2-2,-
-,-,Huddersfield Town,Leicester City,3-1,-
-,-,Manchester City,Leicester City,2-2,-
-,-,Manchester United,Leicester City,3-1,-
-,-,Newcastle United,Leicester City,2-0,-
-,-,Portsmouth,Leicester City,2-1,-
-,-,Preston North End,Leicester City,2-4,-
-,-,Sheffield United,Leicester City,1-1,-
-,-,Sheffield Wednesday,Leicester City,1-0,-
-,-,Sunderland,Leicester City,1-1,-
-,-,Tottenham Hotspur,Leicester City,5-1,-
-,-,West Bromwich Albion,Leicester City,6-4,-
-,-,Wolverhampton Wanderers,Leicester City,5-0,-
-,-,Arsenal,Manchester City,2-3,-
-,-,Aston Villa,Manchester City,2-0,-
-,-,Blackpool,Manchester City,1-3,-
-,-,Bolton Wanderers,Manchester City,2-2,-
-,-,Burnley,Manchester City,2-0,-
-,-,Cardiff City,Manchester City,3-0,-
-,-,Charlton Athletic,Manchester City,1-1,-
-,-,Chelsea,Manchester City,0-2,-
-,-,Everton,Manchester City,1-0,-
-,-,Huddersfield Town,Manchester City,0-0,-
-,-,Leicester City,Manchester City,0-2,-
-,-,Manchester United,Manchester City,0-5,-
-,-,Newcastle United,Manchester City,2-0,-
-,-,Portsmouth,Manchester City,1-0,-
-,-,Preston North End,Manchester City,5-0,-
-,-,Sheffield United,Manchester City,0-2,-
-,-,Sheffield Wednesday,Manchester City,2-4,-
-,-,Sunderland,Manchester City,3-2,-
-,-,Tottenham Hotspur,Manchester City,2-2,-
-,-,West Bromwich Albion,Manchester City,2-1,-
-,-,Wolverhampton Wanderers,Manchester City,2-2,-
-,-,Arsenal,Manchester United,2-3,-
-,-,Aston Villa,Manchester United,2-1,-
-,-,Blackpool,Manchester United,2-4,-
-,-,Bolton Wanderers,Manchester United,1-1,-
-,-,Burnley,Manchester United,2-4,-
-,-,Cardiff City,Manchester United,3-0,-
-,-,Charlton Athletic,Manchester United,1-1,-
-,-,Chelsea,Manchester United,5-6,-
-,-,Everton,Manchester United,4-2,-
-,-,Huddersfield Town,Manchester United,1-3,-
-,-,Leicester City,Manchester United,1-0,-
-,-,Manchester City,Manchester United,3-2,-
-,-,Newcastle United,Manchester United,2-0,-
-,-,Portsmouth,Manchester United,0-0,-
-,-,Preston North End,Manchester United,0-2,-
-,-,Sheffield United,Manchester United,3-0,-
-,-,Sheffield Wednesday,Manchester United,2-4,-
-,-,Sunderland,Manchester United,4-3,-
-,-,Tottenham Hotspur,Manchester United,0-2,-
-,-,West Bromwich Albion,Manchester United,2-0,-
-,-,Wolverhampton Wanderers,Manchester United,4-2,-
-,-,Arsenal,Newcastle United,1-3,-
-,-,Aston Villa,Newcastle United,1-2,-
-,-,Blackpool,Newcastle United,2-0,-
-,-,Bolton Wanderers,Newcastle United,2-1,-
-,-,Burnley,Newcastle United,0-1,-
-,-,Cardiff City,Newcastle United,4-2,-
-,-,Charlton Athletic,Newcastle United,1-1,-
-,-,Chelsea,Newcastle United,4-3,-
-,-,Everton,Newcastle United,1-2,-
-,-,Huddersfield Town,Newcastle United,2-0,-
-,-,Leicester City,Newcastle United,3-2,-
-,-,Manchester City,Newcastle United,3-1,-
-,-,Manchester United,Newcastle United,2-2,-
-,-,Portsmouth,Newcastle United,3-1,-
-,-,Preston North End,Newcastle United,3-3,-
-,-,Sheffield United,Newcastle United,6-2,-
-,-,Sheffield Wednesday,Newcastle United,0-3,-
-,-,Sunderland,Newcastle United,4-2,-
-,-,Tottenham Hotspur,Newcastle United,2-1,-
-,-,West Bromwich Albion,Newcastle United,4-2,-
-,-,Wolverhampton Wanderers,Newcastle United,2-2,-
-,-,Arsenal,Portsmouth,0-1,-
-,-,Aston Villa,Portsmouth,1-0,-
-,-,Blackpool,Portsmouth,2-2,-
-,-,Bolton Wanderers,Portsmouth,3-1,-
-,-,Burnley,Portsmouth,1-0,-
-,-,Cardiff City,Portsmouth,1-1,-
-,-,Charlton Athletic,Portsmouth,2-2,-
-,-,Chelsea,Portsmouth,4-1,-
-,-,Everton,Portsmouth,2-3,-
-,-,Huddersfield Town,Portsmouth,2-1,-
-,-,Leicester City,Portsmouth,4-0,-
-,-,Manchester City,Portsmouth,1-2,-
-,-,Manchester United,Portsmouth,1-3,-
-,-,Newcastle United,Portsmouth,2-1,-
-,-,Preston North End,Portsmouth,1-1,-
-,-,Sheffield United,Portsmouth,5-2,-
-,-,Sheffield Wednesday,Portsmouth,1-3,-
-,-,Sunderland,Portsmouth,2-2,-
-,-,Tottenham Hotspur,Portsmouth,1-1,-
-,-,West Bromwich Albion,Portsmouth,3-1,-
-,-,Wolverhampton Wanderers,Portsmouth,2-2,-
-,-,Arsenal,Preston North End,2-0,-
-,-,Aston Villa,Preston North End,1-3,-
-,-,Blackpool,Preston North End,1-2,-
-,-,Bolton Wanderers,Preston North End,2-1,-
-,-,Burnley,Preston North End,2-2,-
-,-,Cardiff City,Preston North End,2-5,-
-,-,Charlton Athletic,Preston North End,0-4,-
-,-,Chelsea,Preston North End,0-1,-
-,-,Everton,Preston North End,1-0,-
-,-,Huddersfield Town,Preston North End,0-4,-
-,-,Leicester City,Preston North End,0-1,-
-,-,Manchester City,Preston North End,3-1,-
-,-,Manchester United,Preston North End,2-1,-
-,-,Newcastle United,Preston North End,3-3,-
-,-,Portsmouth,Preston North End,2-0,-
-,-,Sheffield United,Preston North End,0-5,-
-,-,Sheffield Wednesday,Preston North End,2-0,-
-,-,Sunderland,Preston North End,2-1,-
-,-,Tottenham Hotspur,Preston North End,3-1,-
-,-,West Bromwich Albion,Preston North End,2-0,-
-,-,Wolverhampton Wanderers,Preston North End,1-1,-
-,-,Arsenal,Sheffield United,4-0,-
-,-,Aston Villa,Sheffield United,3-1,-
-,-,Blackpool,Sheffield United,1-2,-
-,-,Bolton Wanderers,Sheffield United,1-0,-
-,-,Burnley,Sheffield United,2-1,-
-,-,Cardiff City,Sheffield United,1-1,-
-,-,Charlton Athletic,Sheffield United,3-1,-
-,-,Chelsea,Sheffield United,1-1,-
-,-,Everton,Sheffield United,2-3,-
-,-,Huddersfield Town,Sheffield United,1-2,-
-,-,Leicester City,Sheffield United,0-1,-
-,-,Manchester City,Sheffield United,5-2,-
-,-,Manchester United,Sheffield United,5-0,-
-,-,Newcastle United,Sheffield United,1-2,-
-,-,Portsmouth,Sheffield United,6-2,-
-,-,Preston North End,Sheffield United,1-2,-
-,-,Sheffield Wednesday,Sheffield United,1-2,-
-,-,Sunderland,Sheffield United,2-2,-
-,-,Tottenham Hotspur,Sheffield United,5-0,-
-,-,West Bromwich Albion,Sheffield United,3-3,-
-,-,Wolverhampton Wanderers,Sheffield United,4-1,-
-,-,Arsenal,Sheffield Wednesday,3-2,-
-,-,Aston Villa,Sheffield Wednesday,0-0,-
-,-,Blackpool,Sheffield Wednesday,2-1,-
-,-,Bolton Wanderers,Sheffield Wednesday,2-2,-
-,-,Burnley,Sheffield Wednesday,2-0,-
-,-,Cardiff City,Sheffield Wednesday,5-3,-
-,-,Charlton Athletic,Sheffield Wednesday,3-0,-
-,-,Chelsea,Sheffield Wednesday,3-0,-
-,-,Everton,Sheffield Wednesday,3-1,-
-,-,Huddersfield Town,Sheffield Wednesday,3-0,-
-,-,Leicester City,Sheffield Wednesday,4-3,-
-,-,Manchester City,Sheffield Wednesday,2-2,-
-,-,Manchester United,Sheffield Wednesday,2-0,-
-,-,Newcastle United,Sheffield Wednesday,5-0,-
-,-,Portsmouth,Sheffield Wednesday,2-1,-
-,-,Preston North End,Sheffield Wednesday,6-0,-
-,-,Sheffield United,Sheffield Wednesday,1-0,-
-,-,Sunderland,Sheffield Wednesday,2-0,-
-,-,Tottenham Hotspur,Sheffield Wednesday,7-2,-
-,-,West Bromwich Albion,Sheffield Wednesday,1-2,-
-,-,Wolverhampton Wanderers,Sheffield Wednesday,4-2,-
-,-,Arsenal,Sunderland,1-3,-
-,-,Aston Villa,Sunderland,2-2,-
-,-,Blackpool,Sunderland,0-0,-
-,-,Bolton Wanderers,Sunderland,3-0,-
-,-,Burnley,Sunderland,0-1,-
-,-,Cardiff City,Sunderland,0-1,-
-,-,Charlton Athletic,Sunderland,1-3,-
-,-,Chelsea,Sunderland,2-1,-
-,-,Everton,Sunderland,1-0,-
-,-,Huddersfield Town,Sunderland,1-1,-
-,-,Leicester City,Sunderland,1-1,-
-,-,Manchester City,Sunderland,1-0,-
-,-,Manchester United,Sunderland,2-2,-
-,-,Newcastle United,Sunderland,1-2,-
-,-,Portsmouth,Sunderland,2-2,-
-,-,Preston North End,Sunderland,3-1,-
-,-,Sheffield United,Sunderland,1-0,-
-,-,Sheffield Wednesday,Sunderland,1-2,-
-,-,Tottenham Hotspur,Sunderland,0-1,-
-,-,West Bromwich Albion,Sunderland,2-2,-
-,-,Wolverhampton Wanderers,Sunderland,2-0,-
-,-,Arsenal,Tottenham Hotspur,2-0,-
-,-,Aston Villa,Tottenham Hotspur,2-4,-
-,-,Blackpool,Tottenham Hotspur,5-1,-
-,-,Bolton Wanderers,Tottenham Hotspur,1-2,-
-,-,Burnley,Tottenham Hotspur,1-2,-
-,-,Cardiff City,Tottenham Hotspur,1-2,-
-,-,Charlton Athletic,Tottenham Hotspur,1-2,-
-,-,Chelsea,Tottenham Hotspur,2-1,-
-,-,Everton,Tottenham Hotspur,1-0,-
-,-,Huddersfield Town,Tottenham Hotspur,1-0,-
-,-,Leicester City,Tottenham Hotspur,2-0,-
-,-,Manchester City,Tottenham Hotspur,0-0,-
-,-,Manchester United,Tottenham Hotspur,2-1,-
-,-,Newcastle United,Tottenham Hotspur,4-4,-
-,-,Portsmouth,Tottenham Hotspur,0-3,-
-,-,Preston North End,Tottenham Hotspur,1-0,-
-,-,Sheffield United,Tottenham Hotspur,4-1,-
-,-,Sheffield Wednesday,Tottenham Hotspur,2-2,-
-,-,Sunderland,Tottenham Hotspur,1-1,-
-,-,West Bromwich Albion,Tottenham Hotspur,1-2,-
-,-,Wolverhampton Wanderers,Tottenham Hotspur,4-2,-
-,-,Arsenal,West Bromwich Albion,2-2,-
-,-,Aston Villa,West Bromwich Albion,3-0,-
-,-,Blackpool,West Bromwich Albion,3-1,-
-,-,Bolton Wanderers,West Bromwich Albion,2-4,-
-,-,Burnley,West Bromwich Albion,0-2,-
-,-,Cardiff City,West Bromwich Albion,3-2,-
-,-,Charlton Athletic,West Bromwich Albion,1-3,-
-,-,Chelsea,West Bromwich Albion,3-3,-
-,-,Everton,West Bromwich Albion,1-2,-
-,-,Huddersfield Town,West Bromwich Albion,3-3,-
-,-,Leicester City,West Bromwich Albion,6-3,-
-,-,Manchester City,West Bromwich Albion,4-0,-
-,-,Manchester United,West Bromwich Albion,3-0,-
-,-,Newcastle United,West Bromwich Albion,3-0,-
-,-,Portsmouth,West Bromwich Albion,6-1,-
-,-,Preston North End,West Bromwich Albion,3-1,-
-,-,Sheffield United,West Bromwich Albion,1-2,-
-,-,Sheffield Wednesday,West Bromwich Albion,5-0,-
-,-,Sunderland,West Bromwich Albion,4-2,-
-,-,Tottenham Hotspur,West Bromwich Albion,3-1,-
-,-,Wolverhampton Wanderers,West Bromwich Albion,4-0,-
-,-,Arsenal,Wolverhampton Wanderers,1-1,-
-,-,Aston Villa,Wolverhampton Wanderers,4-2,-
-,-,Blackpool,Wolverhampton Wanderers,0-2,-
-,-,Bolton Wanderers,Wolverhampton Wanderers,6-1,-
-,-,Burnley,Wolverhampton Wanderers,1-0,-
-,-,Cardiff City,Wolverhampton Wanderers,3-2,-
-,-,Charlton Athletic,Wolverhampton Wanderers,1-3,-
-,-,Chelsea,Wolverhampton Wanderers,1-0,-
-,-,Everton,Wolverhampton Wanderers,3-2,-
-,-,Huddersfield Town,Wolverhampton Wanderers,2-0,-
-,-,Leicester City,Wolverhampton Wanderers,1-2,-
-,-,Manchester City,Wolverhampton Wanderers,3-0,-
-,-,Manchester United,Wolverhampton Wanderers,2-4,-
-,-,Newcastle United,Wolverhampton Wanderers,2-3,-
-,-,Portsmouth,Wolverhampton Wanderers,0-0,-
-,-,Preston North End,Wolverhampton Wanderers,3-3,-
-,-,Sheffield United,Wolverhampton Wanderers,1-2,-
-,-,Sheffield Wednesday,Wolverhampton Wanderers,2-2,-
-,-,Sunderland,Wolverhampton Wanderers,0-0,-
-,-,Tottenham Hotspur,Wolverhampton Wanderers,3-2,-
-,-,West Bromwich Albion,Wolverhampton Wanderers,1-0,-
