Round,Date,Team 1,Team 2,FT,HT
-,-,Birmingham City,Barnsley,1-3,-
-,-,Blackpool,Barnsley,0-0,-
-,-,Bradford Park Avenue,Barnsley,1-0,-
-,-,Bristol City,Barnsley,0-1,-
-,-,Burnley,Barnsley,3-0,-
-,-,Chelsea,Barnsley,2-1,-
-,-,Derby County,Barnsley,0-0,-
-,-,Fulham,Barnsley,2-2,-
-,-,Gainsborough Trinity,Barnsley,1-2,-
-,-,Glossop North End,Barnsley,0-2,-
-,-,Grimsby Town,Barnsley,0-0,-
-,-,Huddersfield Town,Barnsley,2-1,-
-,-,Hull City,Barnsley,0-0,-
-,-,Leeds City,Barnsley,3-2,-
-,-,Leicester City,Barnsley,0-0,-
-,-,Leyton Orient,Barnsley,2-0,-
-,-,Nottingham Forest,Barnsley,0-2,-
-,-,Stockport County,Barnsley,1-1,-
-,-,Wolverhampton Wanderers,Barnsley,5-0,-
-,-,Barnsley,Birmingham City,1-0,-
-,-,Blackpool,Birmingham City,1-0,-
-,-,Bradford Park Avenue,Birmingham City,3-0,-
-,-,Bristol City,Birmingham City,2-1,-
-,-,Burnley,Birmingham City,1-1,-
-,-,Chelsea,Birmingham City,0-2,-
-,-,Derby County,Birmingham City,0-1,-
-,-,Fulham,Birmingham City,2-1,-
-,-,Gainsborough Trinity,Birmingham City,0-0,-
-,-,Glossop North End,Birmingham City,2-0,-
-,-,Grimsby Town,Birmingham City,1-0,-
-,-,Huddersfield Town,Birmingham City,3-2,-
-,-,Hull City,Birmingham City,4-0,-
-,-,Leeds City,Birmingham City,0-0,-
-,-,Leicester City,Birmingham City,5-2,-
-,-,Leyton Orient,Birmingham City,2-0,-
-,-,Nottingham Forest,Birmingham City,0-1,-
-,-,Stockport County,Birmingham City,2-0,-
-,-,Wolverhampton Wanderers,Birmingham City,1-0,-
-,-,Barnsley,Blackpool,1-0,-
-,-,Birmingham City,Blackpool,2-1,-
-,-,Bradford Park Avenue,Blackpool,0-0,-
-,-,Bristol City,Blackpool,2-0,-
-,-,Burnley,Blackpool,1-1,-
-,-,Chelsea,Blackpool,4-1,-
-,-,Derby County,Blackpool,5-1,-
-,-,Fulham,Blackpool,3-0,-
-,-,Gainsborough Trinity,Blackpool,0-0,-
-,-,Glossop North End,Blackpool,1-1,-
-,-,Grimsby Town,Blackpool,1-0,-
-,-,Huddersfield Town,Blackpool,4-0,-
-,-,Hull City,Blackpool,3-0,-
-,-,Leeds City,Blackpool,1-0,-
-,-,Leicester City,Blackpool,4-0,-
-,-,Leyton Orient,Blackpool,2-0,-
-,-,Nottingham Forest,Blackpool,2-1,-
-,-,Stockport County,Blackpool,1-2,-
-,-,Wolverhampton Wanderers,Blackpool,3-0,-
-,-,Barnsley,Bradford Park Avenue,1-0,-
-,-,Birmingham City,Bradford Park Avenue,2-3,-
-,-,Blackpool,Bradford Park Avenue,0-4,-
-,-,Bristol City,Bradford Park Avenue,1-0,-
-,-,Burnley,Bradford Park Avenue,3-1,-
-,-,Chelsea,Bradford Park Avenue,1-0,-
-,-,Derby County,Bradford Park Avenue,1-0,-
-,-,Fulham,Bradford Park Avenue,2-0,-
-,-,Gainsborough Trinity,Bradford Park Avenue,0-0,-
-,-,Glossop North End,Bradford Park Avenue,0-0,-
-,-,Grimsby Town,Bradford Park Avenue,0-0,-
-,-,Huddersfield Town,Bradford Park Avenue,3-1,-
-,-,Hull City,Bradford Park Avenue,5-1,-
-,-,Leeds City,Bradford Park Avenue,1-2,-
-,-,Leicester City,Bradford Park Avenue,3-0,-
-,-,Leyton Orient,Bradford Park Avenue,2-0,-
-,-,Nottingham Forest,Bradford Park Avenue,2-1,-
-,-,Stockport County,Bradford Park Avenue,1-0,-
-,-,Wolverhampton Wanderers,Bradford Park Avenue,1-1,-
-,-,Barnsley,Bristol City,4-1,-
-,-,Birmingham City,Bristol City,0-0,-
-,-,Blackpool,Bristol City,1-0,-
-,-,Bradford Park Avenue,Bristol City,0-1,-
-,-,Burnley,Bristol City,4-2,-
-,-,Chelsea,Bristol City,2-2,-
-,-,Derby County,Bristol City,3-0,-
-,-,Fulham,Bristol City,2-1,-
-,-,Gainsborough Trinity,Bristol City,2-3,-
-,-,Glossop North End,Bristol City,3-0,-
-,-,Grimsby Town,Bristol City,3-0,-
-,-,Huddersfield Town,Bristol City,1-2,-
-,-,Hull City,Bristol City,3-0,-
-,-,Leeds City,Bristol City,3-1,-
-,-,Leicester City,Bristol City,2-0,-
-,-,Leyton Orient,Bristol City,4-0,-
-,-,Nottingham Forest,Bristol City,2-0,-
-,-,Stockport County,Bristol City,1-0,-
-,-,Wolverhampton Wanderers,Bristol City,3-1,-
-,-,Barnsley,Burnley,1-1,-
-,-,Birmingham City,Burnley,4-0,-
-,-,Blackpool,Burnley,0-0,-
-,-,Bradford Park Avenue,Burnley,2-1,-
-,-,Bristol City,Burnley,0-3,-
-,-,Chelsea,Burnley,0-2,-
-,-,Derby County,Burnley,2-0,-
-,-,Fulham,Burnley,3-4,-
-,-,Gainsborough Trinity,Burnley,1-0,-
-,-,Glossop North End,Burnley,1-3,-
-,-,Grimsby Town,Burnley,1-0,-
-,-,Huddersfield Town,Burnley,1-1,-
-,-,Hull City,Burnley,4-1,-
-,-,Leeds City,Burnley,1-5,-
-,-,Leicester City,Burnley,3-2,-
-,-,Leyton Orient,Burnley,1-2,-
-,-,Nottingham Forest,Burnley,0-1,-
-,-,Stockport County,Burnley,0-1,-
-,-,Wolverhampton Wanderers,Burnley,2-0,-
-,-,Barnsley,Chelsea,0-2,-
-,-,Birmingham City,Chelsea,1-4,-
-,-,Blackpool,Chelsea,1-0,-
-,-,Bradford Park Avenue,Chelsea,1-1,-
-,-,Bristol City,Chelsea,1-1,-
-,-,Burnley,Chelsea,2-2,-
-,-,Derby County,Chelsea,2-0,-
-,-,Fulham,Chelsea,0-1,-
-,-,Gainsborough Trinity,Chelsea,0-2,-
-,-,Glossop North End,Chelsea,1-2,-
-,-,Grimsby Town,Chelsea,2-1,-
-,-,Huddersfield Town,Chelsea,1-3,-
-,-,Hull City,Chelsea,1-0,-
-,-,Leeds City,Chelsea,0-0,-
-,-,Leicester City,Chelsea,2-0,-
-,-,Leyton Orient,Chelsea,1-4,-
-,-,Nottingham Forest,Chelsea,2-3,-
-,-,Stockport County,Chelsea,0-1,-
-,-,Wolverhampton Wanderers,Chelsea,3-1,-
-,-,Barnsley,Derby County,0-2,-
-,-,Birmingham City,Derby County,0-4,-
-,-,Blackpool,Derby County,1-0,-
-,-,Bradford Park Avenue,Derby County,0-1,-
-,-,Bristol City,Derby County,1-1,-
-,-,Burnley,Derby County,0-0,-
-,-,Chelsea,Derby County,1-0,-
-,-,Fulham,Derby County,0-0,-
-,-,Gainsborough Trinity,Derby County,1-1,-
-,-,Glossop North End,Derby County,3-1,-
-,-,Grimsby Town,Derby County,0-3,-
-,-,Huddersfield Town,Derby County,0-0,-
-,-,Hull City,Derby County,0-0,-
-,-,Leeds City,Derby County,0-1,-
-,-,Leicester City,Derby County,0-1,-
-,-,Leyton Orient,Derby County,3-0,-
-,-,Nottingham Forest,Derby County,1-3,-
-,-,Stockport County,Derby County,4-0,-
-,-,Wolverhampton Wanderers,Derby County,0-1,-
-,-,Barnsley,Fulham,2-2,-
-,-,Birmingham City,Fulham,1-3,-
-,-,Blackpool,Fulham,3-1,-
-,-,Bradford Park Avenue,Fulham,0-2,-
-,-,Bristol City,Fulham,1-0,-
-,-,Burnley,Fulham,5-1,-
-,-,Chelsea,Fulham,1-0,-
-,-,Derby County,Fulham,6-1,-
-,-,Gainsborough Trinity,Fulham,0-1,-
-,-,Glossop North End,Fulham,1-1,-
-,-,Grimsby Town,Fulham,1-0,-
-,-,Huddersfield Town,Fulham,2-0,-
-,-,Hull City,Fulham,2-3,-
-,-,Leeds City,Fulham,0-2,-
-,-,Leicester City,Fulham,2-5,-
-,-,Leyton Orient,Fulham,4-0,-
-,-,Nottingham Forest,Fulham,1-1,-
-,-,Stockport County,Fulham,2-1,-
-,-,Wolverhampton Wanderers,Fulham,0-0,-
-,-,Barnsley,Gainsborough Trinity,4-0,-
-,-,Birmingham City,Gainsborough Trinity,2-2,-
-,-,Blackpool,Gainsborough Trinity,0-0,-
-,-,Bradford Park Avenue,Gainsborough Trinity,5-0,-
-,-,Bristol City,Gainsborough Trinity,2-0,-
-,-,Burnley,Gainsborough Trinity,2-0,-
-,-,Chelsea,Gainsborough Trinity,1-0,-
-,-,Derby County,Gainsborough Trinity,4-0,-
-,-,Fulham,Gainsborough Trinity,7-1,-
-,-,Glossop North End,Gainsborough Trinity,1-1,-
-,-,Grimsby Town,Gainsborough Trinity,3-3,-
-,-,Huddersfield Town,Gainsborough Trinity,2-2,-
-,-,Hull City,Gainsborough Trinity,1-1,-
-,-,Leeds City,Gainsborough Trinity,0-0,-
-,-,Leicester City,Gainsborough Trinity,2-0,-
-,-,Leyton Orient,Gainsborough Trinity,3-0,-
-,-,Nottingham Forest,Gainsborough Trinity,2-0,-
-,-,Stockport County,Gainsborough Trinity,0-3,-
-,-,Wolverhampton Wanderers,Gainsborough Trinity,1-0,-
-,-,Barnsley,Glossop North End,1-0,-
-,-,Birmingham City,Glossop North End,2-0,-
-,-,Blackpool,Glossop North End,2-0,-
-,-,Bradford Park Avenue,Glossop North End,1-1,-
-,-,Bristol City,Glossop North End,2-0,-
-,-,Burnley,Glossop North End,4-0,-
-,-,Chelsea,Glossop North End,1-0,-
-,-,Derby County,Glossop North End,5-0,-
-,-,Fulham,Glossop North End,0-2,-
-,-,Gainsborough Trinity,Glossop North End,1-1,-
-,-,Grimsby Town,Glossop North End,0-0,-
-,-,Huddersfield Town,Glossop North End,3-1,-
-,-,Hull City,Glossop North End,2-0,-
-,-,Leeds City,Glossop North End,2-1,-
-,-,Leicester City,Glossop North End,1-0,-
-,-,Leyton Orient,Glossop North End,2-1,-
-,-,Nottingham Forest,Glossop North End,0-1,-
-,-,Stockport County,Glossop North End,3-0,-
-,-,Wolverhampton Wanderers,Glossop North End,1-1,-
-,-,Barnsley,Grimsby Town,2-2,-
-,-,Birmingham City,Grimsby Town,2-2,-
-,-,Blackpool,Grimsby Town,1-2,-
-,-,Bradford Park Avenue,Grimsby Town,4-1,-
-,-,Bristol City,Grimsby Town,3-0,-
-,-,Burnley,Grimsby Town,1-1,-
-,-,Chelsea,Grimsby Town,4-1,-
-,-,Derby County,Grimsby Town,2-1,-
-,-,Fulham,Grimsby Town,1-3,-
-,-,Gainsborough Trinity,Grimsby Town,2-3,-
-,-,Glossop North End,Grimsby Town,5-2,-
-,-,Huddersfield Town,Grimsby Town,2-0,-
-,-,Hull City,Grimsby Town,1-0,-
-,-,Leeds City,Grimsby Town,1-2,-
-,-,Leicester City,Grimsby Town,0-2,-
-,-,Leyton Orient,Grimsby Town,1-0,-
-,-,Nottingham Forest,Grimsby Town,1-0,-
-,-,Stockport County,Grimsby Town,3-0,-
-,-,Wolverhampton Wanderers,Grimsby Town,1-2,-
-,-,Barnsley,Huddersfield Town,0-0,-
-,-,Birmingham City,Huddersfield Town,1-0,-
-,-,Blackpool,Huddersfield Town,3-1,-
-,-,Bradford Park Avenue,Huddersfield Town,3-1,-
-,-,Bristol City,Huddersfield Town,3-2,-
-,-,Burnley,Huddersfield Town,3-0,-
-,-,Chelsea,Huddersfield Town,3-1,-
-,-,Derby County,Huddersfield Town,4-2,-
-,-,Fulham,Huddersfield Town,3-1,-
-,-,Gainsborough Trinity,Huddersfield Town,5-0,-
-,-,Glossop North End,Huddersfield Town,2-3,-
-,-,Grimsby Town,Huddersfield Town,1-2,-
-,-,Hull City,Huddersfield Town,0-1,-
-,-,Leeds City,Huddersfield Town,2-0,-
-,-,Leicester City,Huddersfield Town,0-2,-
-,-,Leyton Orient,Huddersfield Town,2-1,-
-,-,Nottingham Forest,Huddersfield Town,3-0,-
-,-,Stockport County,Huddersfield Town,3-1,-
-,-,Wolverhampton Wanderers,Huddersfield Town,1-2,-
-,-,Barnsley,Hull City,1-2,-
-,-,Birmingham City,Hull City,5-1,-
-,-,Blackpool,Hull City,3-2,-
-,-,Bradford Park Avenue,Hull City,3-1,-
-,-,Bristol City,Hull City,0-0,-
-,-,Burnley,Hull City,5-1,-
-,-,Chelsea,Hull City,1-0,-
-,-,Derby County,Hull City,2-3,-
-,-,Fulham,Hull City,0-1,-
-,-,Gainsborough Trinity,Hull City,0-3,-
-,-,Glossop North End,Hull City,1-1,-
-,-,Grimsby Town,Hull City,1-0,-
-,-,Huddersfield Town,Hull City,0-2,-
-,-,Leeds City,Hull City,0-0,-
-,-,Leicester City,Hull City,3-0,-
-,-,Leyton Orient,Hull City,4-0,-
-,-,Nottingham Forest,Hull City,0-0,-
-,-,Stockport County,Hull City,1-1,-
-,-,Wolverhampton Wanderers,Hull City,8-0,-
-,-,Barnsley,Leeds City,3-4,-
-,-,Birmingham City,Leeds City,4-3,-
-,-,Blackpool,Leeds City,3-0,-
-,-,Bradford Park Avenue,Leeds City,1-1,-
-,-,Bristol City,Leeds City,4-1,-
-,-,Burnley,Leeds City,4-2,-
-,-,Chelsea,Leeds City,4-2,-
-,-,Derby County,Leeds City,5-2,-
-,-,Fulham,Leeds City,7-2,-
-,-,Gainsborough Trinity,Leeds City,2-1,-
-,-,Glossop North End,Leeds City,2-1,-
-,-,Grimsby Town,Leeds City,1-2,-
-,-,Huddersfield Town,Leeds City,1-2,-
-,-,Hull City,Leeds City,1-0,-
-,-,Leicester City,Leeds City,2-1,-
-,-,Leyton Orient,Leeds City,2-1,-
-,-,Nottingham Forest,Leeds City,2-1,-
-,-,Stockport County,Leeds City,3-3,-
-,-,Wolverhampton Wanderers,Leeds City,5-0,-
-,-,Barnsley,Leicester City,0-0,-
-,-,Birmingham City,Leicester City,4-0,-
-,-,Blackpool,Leicester City,1-1,-
-,-,Bradford Park Avenue,Leicester City,1-1,-
-,-,Bristol City,Leicester City,0-1,-
-,-,Burnley,Leicester City,3-0,-
-,-,Chelsea,Leicester City,2-1,-
-,-,Derby County,Leicester City,5-0,-
-,-,Fulham,Leicester City,4-1,-
-,-,Gainsborough Trinity,Leicester City,0-1,-
-,-,Glossop North End,Leicester City,6-0,-
-,-,Grimsby Town,Leicester City,4-0,-
-,-,Huddersfield Town,Leicester City,1-2,-
-,-,Hull City,Leicester City,4-1,-
-,-,Leeds City,Leicester City,2-1,-
-,-,Leyton Orient,Leicester City,4-1,-
-,-,Nottingham Forest,Leicester City,4-1,-
-,-,Stockport County,Leicester City,2-3,-
-,-,Wolverhampton Wanderers,Leicester City,1-0,-
-,-,Barnsley,Leyton Orient,2-1,-
-,-,Birmingham City,Leyton Orient,4-0,-
-,-,Blackpool,Leyton Orient,1-0,-
-,-,Bradford Park Avenue,Leyton Orient,2-1,-
-,-,Bristol City,Leyton Orient,1-0,-
-,-,Burnley,Leyton Orient,1-0,-
-,-,Chelsea,Leyton Orient,3-0,-
-,-,Derby County,Leyton Orient,5-1,-
-,-,Fulham,Leyton Orient,0-2,-
-,-,Gainsborough Trinity,Leyton Orient,0-2,-
-,-,Glossop North End,Leyton Orient,3-3,-
-,-,Grimsby Town,Leyton Orient,2-1,-
-,-,Huddersfield Town,Leyton Orient,0-0,-
-,-,Hull City,Leyton Orient,0-2,-
-,-,Leeds City,Leyton Orient,0-2,-
-,-,Leicester City,Leyton Orient,2-0,-
-,-,Nottingham Forest,Leyton Orient,3-0,-
-,-,Stockport County,Leyton Orient,1-1,-
-,-,Wolverhampton Wanderers,Leyton Orient,0-1,-
-,-,Barnsley,Nottingham Forest,1-0,-
-,-,Birmingham City,Nottingham Forest,4-2,-
-,-,Blackpool,Nottingham Forest,2-0,-
-,-,Bradford Park Avenue,Nottingham Forest,2-1,-
-,-,Bristol City,Nottingham Forest,2-2,-
-,-,Burnley,Nottingham Forest,2-0,-
-,-,Chelsea,Nottingham Forest,2-0,-
-,-,Derby County,Nottingham Forest,1-0,-
-,-,Fulham,Nottingham Forest,2-0,-
-,-,Gainsborough Trinity,Nottingham Forest,1-2,-
-,-,Glossop North End,Nottingham Forest,0-0,-
-,-,Grimsby Town,Nottingham Forest,1-4,-
-,-,Huddersfield Town,Nottingham Forest,1-2,-
-,-,Hull City,Nottingham Forest,2-1,-
-,-,Leeds City,Nottingham Forest,3-1,-
-,-,Leicester City,Nottingham Forest,1-1,-
-,-,Leyton Orient,Nottingham Forest,0-2,-
-,-,Stockport County,Nottingham Forest,2-2,-
-,-,Wolverhampton Wanderers,Nottingham Forest,1-0,-
-,-,Barnsley,Stockport County,2-1,-
-,-,Birmingham City,Stockport County,2-0,-
-,-,Blackpool,Stockport County,0-1,-
-,-,Bradford Park Avenue,Stockport County,1-0,-
-,-,Bristol City,Stockport County,2-1,-
-,-,Burnley,Stockport County,4-1,-
-,-,Chelsea,Stockport County,0-0,-
-,-,Derby County,Stockport County,2-0,-
-,-,Fulham,Stockport County,3-1,-
-,-,Gainsborough Trinity,Stockport County,0-0,-
-,-,Glossop North End,Stockport County,1-1,-
-,-,Grimsby Town,Stockport County,2-2,-
-,-,Huddersfield Town,Stockport County,2-0,-
-,-,Hull City,Stockport County,0-2,-
-,-,Leeds City,Stockport County,1-1,-
-,-,Leicester City,Stockport County,1-1,-
-,-,Leyton Orient,Stockport County,4-2,-
-,-,Nottingham Forest,Stockport County,1-2,-
-,-,Wolverhampton Wanderers,Stockport County,4-0,-
-,-,Barnsley,Wolverhampton Wanderers,2-1,-
-,-,Birmingham City,Wolverhampton Wanderers,3-1,-
-,-,Blackpool,Wolverhampton Wanderers,1-0,-
-,-,Bradford Park Avenue,Wolverhampton Wanderers,0-2,-
-,-,Bristol City,Wolverhampton Wanderers,0-3,-
-,-,Burnley,Wolverhampton Wanderers,2-1,-
-,-,Chelsea,Wolverhampton Wanderers,4-0,-
-,-,Derby County,Wolverhampton Wanderers,1-1,-
-,-,Fulham,Wolverhampton Wanderers,1-1,-
-,-,Gainsborough Trinity,Wolverhampton Wanderers,1-0,-
-,-,Glossop North End,Wolverhampton Wanderers,0-1,-
-,-,Grimsby Town,Wolverhampton Wanderers,0-0,-
-,-,Huddersfield Town,Wolverhampton Wanderers,1-1,-
-,-,Hull City,Wolverhampton Wanderers,3-0,-
-,-,Leeds City,Wolverhampton Wanderers,1-1,-
-,-,Leicester City,Wolverhampton Wanderers,1-1,-
-,-,Leyton Orient,Wolverhampton Wanderers,1-0,-
-,-,Nottingham Forest,Wolverhampton Wanderers,0-0,-
-,-,Stockport County,Wolverhampton Wanderers,1-2,-
