Round,Date,Team 1,Team 2,FT,HT
-,-,Blackpool,Birmingham City,1-1,-
-,-,Bristol City,Birmingham City,1-0,-
-,-,Burnley,Birmingham City,1-1,-
-,-,Cardiff City,Birmingham City,0-0,-
-,-,Carlisle United,Birmingham City,2-2,-
-,-,Charlton Athletic,Birmingham City,1-1,-
-,-,Fulham,Birmingham City,0-0,-
-,-,Hull City,Birmingham City,1-0,-
-,-,Leyton Orient,Birmingham City,0-1,-
-,-,Luton Town,Birmingham City,0-0,-
-,-,Middlesbrough,Birmingham City,0-0,-
-,-,Millwall,Birmingham City,3-0,-
-,-,Norwich City,Birmingham City,2-2,-
-,-,Oxford United,Birmingham City,0-1,-
-,-,Portsmouth,Birmingham City,1-0,-
-,-,Preston North End,Birmingham City,0-0,-
-,-,Queens Park Rangers,Birmingham City,1-0,-
-,-,Sheffield Wednesday,Birmingham City,1-2,-
-,-,Sunderland,Birmingham City,1-1,-
-,-,Swindon Town,Birmingham City,1-1,-
-,-,Watford,Birmingham City,0-1,-
-,-,Birmingham City,Blackpool,2-1,-
-,-,Bristol City,Blackpool,4-0,-
-,-,Burnley,Blackpool,2-1,-
-,-,Cardiff City,Blackpool,3-4,-
-,-,Carlisle United,Blackpool,2-0,-
-,-,Charlton Athletic,Blackpool,2-3,-
-,-,Fulham,Blackpool,2-1,-
-,-,Hull City,Blackpool,1-0,-
-,-,Leyton Orient,Blackpool,0-1,-
-,-,Luton Town,Blackpool,1-4,-
-,-,Middlesbrough,Blackpool,1-0,-
-,-,Millwall,Blackpool,1-0,-
-,-,Norwich City,Blackpool,5-1,-
-,-,Oxford United,Blackpool,3-1,-
-,-,Portsmouth,Blackpool,1-3,-
-,-,Preston North End,Blackpool,1-4,-
-,-,Queens Park Rangers,Blackpool,0-1,-
-,-,Sheffield Wednesday,Blackpool,1-2,-
-,-,Sunderland,Blackpool,0-0,-
-,-,Swindon Town,Blackpool,1-0,-
-,-,Watford,Blackpool,1-0,-
-,-,Birmingham City,Bristol City,1-0,-
-,-,Blackpool,Bristol City,1-0,-
-,-,Burnley,Bristol City,1-1,-
-,-,Cardiff City,Bristol City,2-3,-
-,-,Carlisle United,Bristol City,2-0,-
-,-,Charlton Athletic,Bristol City,2-0,-
-,-,Fulham,Bristol City,2-0,-
-,-,Hull City,Bristol City,1-1,-
-,-,Leyton Orient,Bristol City,2-0,-
-,-,Luton Town,Bristol City,0-0,-
-,-,Middlesbrough,Bristol City,1-0,-
-,-,Millwall,Bristol City,3-1,-
-,-,Norwich City,Bristol City,2-2,-
-,-,Oxford United,Bristol City,0-0,-
-,-,Portsmouth,Bristol City,1-1,-
-,-,Preston North End,Bristol City,1-0,-
-,-,Queens Park Rangers,Bristol City,3-0,-
-,-,Sheffield Wednesday,Bristol City,1-5,-
-,-,Sunderland,Bristol City,1-1,-
-,-,Swindon Town,Bristol City,0-1,-
-,-,Watford,Bristol City,0-2,-
-,-,Birmingham City,Burnley,2-0,-
-,-,Blackpool,Burnley,4-2,-
-,-,Bristol City,Burnley,0-2,-
-,-,Cardiff City,Burnley,2-2,-
-,-,Carlisle United,Burnley,0-3,-
-,-,Charlton Athletic,Burnley,2-0,-
-,-,Fulham,Burnley,0-2,-
-,-,Hull City,Burnley,1-2,-
-,-,Leyton Orient,Burnley,1-0,-
-,-,Luton Town,Burnley,1-0,-
-,-,Middlesbrough,Burnley,1-0,-
-,-,Millwall,Burnley,1-1,-
-,-,Norwich City,Burnley,3-0,-
-,-,Oxford United,Burnley,2-1,-
-,-,Portsmouth,Burnley,1-2,-
-,-,Preston North End,Burnley,1-3,-
-,-,Queens Park Rangers,Burnley,3-1,-
-,-,Sheffield Wednesday,Burnley,2-1,-
-,-,Sunderland,Burnley,4-3,-
-,-,Swindon Town,Burnley,0-1,-
-,-,Watford,Burnley,2-1,-
-,-,Birmingham City,Cardiff City,3-0,-
-,-,Blackpool,Cardiff City,3-0,-
-,-,Bristol City,Cardiff City,2-0,-
-,-,Burnley,Cardiff City,3-0,-
-,-,Carlisle United,Cardiff City,2-1,-
-,-,Charlton Athletic,Cardiff City,2-2,-
-,-,Fulham,Cardiff City,4-3,-
-,-,Hull City,Cardiff City,0-0,-
-,-,Leyton Orient,Cardiff City,4-1,-
-,-,Luton Town,Cardiff City,2-2,-
-,-,Middlesbrough,Cardiff City,1-0,-
-,-,Millwall,Cardiff City,1-1,-
-,-,Norwich City,Cardiff City,2-1,-
-,-,Oxford United,Cardiff City,1-0,-
-,-,Portsmouth,Cardiff City,2-0,-
-,-,Preston North End,Cardiff City,1-2,-
-,-,Queens Park Rangers,Cardiff City,3-0,-
-,-,Sheffield Wednesday,Cardiff City,2-2,-
-,-,Sunderland,Cardiff City,1-1,-
-,-,Swindon Town,Cardiff City,3-1,-
-,-,Watford,Cardiff City,2-2,-
-,-,Birmingham City,Carlisle United,3-2,-
-,-,Blackpool,Carlisle United,2-0,-
-,-,Bristol City,Carlisle United,1-4,-
-,-,Burnley,Carlisle United,3-1,-
-,-,Cardiff City,Carlisle United,3-1,-
-,-,Charlton Athletic,Carlisle United,1-1,-
-,-,Fulham,Carlisle United,0-1,-
-,-,Hull City,Carlisle United,2-0,-
-,-,Leyton Orient,Carlisle United,2-1,-
-,-,Luton Town,Carlisle United,0-2,-
-,-,Middlesbrough,Carlisle United,2-2,-
-,-,Millwall,Carlisle United,2-1,-
-,-,Norwich City,Carlisle United,1-0,-
-,-,Oxford United,Carlisle United,3-1,-
-,-,Portsmouth,Carlisle United,1-0,-
-,-,Preston North End,Carlisle United,3-0,-
-,-,Queens Park Rangers,Carlisle United,3-0,-
-,-,Sheffield Wednesday,Carlisle United,2-1,-
-,-,Sunderland,Carlisle United,0-3,-
-,-,Swindon Town,Carlisle United,0-0,-
-,-,Watford,Carlisle United,1-2,-
-,-,Birmingham City,Charlton Athletic,4-1,-
-,-,Blackpool,Charlton Athletic,5-0,-
-,-,Bristol City,Charlton Athletic,2-0,-
-,-,Burnley,Charlton Athletic,3-1,-
-,-,Cardiff City,Charlton Athletic,6-1,-
-,-,Carlisle United,Charlton Athletic,5-2,-
-,-,Fulham,Charlton Athletic,1-0,-
-,-,Hull City,Charlton Athletic,2-3,-
-,-,Leyton Orient,Charlton Athletic,3-2,-
-,-,Luton Town,Charlton Athletic,1-2,-
-,-,Middlesbrough,Charlton Athletic,2-2,-
-,-,Millwall,Charlton Athletic,2-1,-
-,-,Norwich City,Charlton Athletic,3-0,-
-,-,Oxford United,Charlton Athletic,2-1,-
-,-,Portsmouth,Charlton Athletic,0-0,-
-,-,Preston North End,Charlton Athletic,2-1,-
-,-,Queens Park Rangers,Charlton Athletic,2-0,-
-,-,Sheffield Wednesday,Charlton Athletic,2-1,-
-,-,Sunderland,Charlton Athletic,3-0,-
-,-,Swindon Town,Charlton Athletic,2-1,-
-,-,Watford,Charlton Athletic,0-3,-
-,-,Birmingham City,Fulham,3-1,-
-,-,Blackpool,Fulham,2-1,-
-,-,Bristol City,Fulham,1-2,-
-,-,Burnley,Fulham,1-1,-
-,-,Cardiff City,Fulham,1-0,-
-,-,Carlisle United,Fulham,3-1,-
-,-,Charlton Athletic,Fulham,2-2,-
-,-,Hull City,Fulham,4-0,-
-,-,Leyton Orient,Fulham,1-0,-
-,-,Luton Town,Fulham,2-0,-
-,-,Middlesbrough,Fulham,2-0,-
-,-,Millwall,Fulham,4-1,-
-,-,Norwich City,Fulham,2-1,-
-,-,Oxford United,Fulham,1-0,-
-,-,Portsmouth,Fulham,6-3,-
-,-,Preston North End,Fulham,2-0,-
-,-,Queens Park Rangers,Fulham,0-0,-
-,-,Sheffield Wednesday,Fulham,4-0,-
-,-,Sunderland,Fulham,2-1,-
-,-,Swindon Town,Fulham,4-0,-
-,-,Watford,Fulham,1-2,-
-,-,Birmingham City,Hull City,2-0,-
-,-,Blackpool,Hull City,1-1,-
-,-,Bristol City,Hull City,4-0,-
-,-,Burnley,Hull City,0-2,-
-,-,Cardiff City,Hull City,1-1,-
-,-,Carlisle United,Hull City,2-1,-
-,-,Charlton Athletic,Hull City,1-0,-
-,-,Fulham,Hull City,1-0,-
-,-,Leyton Orient,Hull City,1-0,-
-,-,Luton Town,Hull City,0-1,-
-,-,Middlesbrough,Hull City,3-0,-
-,-,Millwall,Hull City,2-1,-
-,-,Norwich City,Hull City,2-0,-
-,-,Oxford United,Hull City,2-2,-
-,-,Portsmouth,Hull City,0-0,-
-,-,Preston North End,Hull City,3-1,-
-,-,Queens Park Rangers,Hull City,2-1,-
-,-,Sheffield Wednesday,Hull City,2-1,-
-,-,Sunderland,Hull City,0-1,-
-,-,Swindon Town,Hull City,2-1,-
-,-,Watford,Hull City,1-2,-
-,-,Birmingham City,Leyton Orient,2-0,-
-,-,Blackpool,Leyton Orient,4-1,-
-,-,Bristol City,Leyton Orient,5-3,-
-,-,Burnley,Leyton Orient,6-1,-
-,-,Cardiff City,Leyton Orient,1-0,-
-,-,Carlisle United,Leyton Orient,2-0,-
-,-,Charlton Athletic,Leyton Orient,1-2,-
-,-,Fulham,Leyton Orient,2-1,-
-,-,Hull City,Leyton Orient,1-1,-
-,-,Luton Town,Leyton Orient,2-0,-
-,-,Middlesbrough,Leyton Orient,1-0,-
-,-,Millwall,Leyton Orient,2-1,-
-,-,Norwich City,Leyton Orient,0-0,-
-,-,Oxford United,Leyton Orient,1-1,-
-,-,Portsmouth,Leyton Orient,3-2,-
-,-,Preston North End,Leyton Orient,1-1,-
-,-,Queens Park Rangers,Leyton Orient,1-0,-
-,-,Sheffield Wednesday,Leyton Orient,3-1,-
-,-,Sunderland,Leyton Orient,2-0,-
-,-,Swindon Town,Leyton Orient,2-2,-
-,-,Watford,Leyton Orient,0-1,-
-,-,Birmingham City,Luton Town,1-0,-
-,-,Blackpool,Luton Town,0-1,-
-,-,Bristol City,Luton Town,0-0,-
-,-,Burnley,Luton Town,2-1,-
-,-,Cardiff City,Luton Town,1-1,-
-,-,Carlisle United,Luton Town,0-0,-
-,-,Charlton Athletic,Luton Town,2-0,-
-,-,Fulham,Luton Town,3-1,-
-,-,Hull City,Luton Town,0-0,-
-,-,Leyton Orient,Luton Town,0-0,-
-,-,Middlesbrough,Luton Town,0-0,-
-,-,Millwall,Luton Town,2-2,-
-,-,Norwich City,Luton Town,3-1,-
-,-,Oxford United,Luton Town,1-1,-
-,-,Portsmouth,Luton Town,0-3,-
-,-,Preston North End,Luton Town,0-1,-
-,-,Queens Park Rangers,Luton Town,1-0,-
-,-,Sheffield Wednesday,Luton Town,2-2,-
-,-,Sunderland,Luton Town,2-2,-
-,-,Swindon Town,Luton Town,2-1,-
-,-,Watford,Luton Town,2-1,-
-,-,Birmingham City,Middlesbrough,1-1,-
-,-,Blackpool,Middlesbrough,3-1,-
-,-,Bristol City,Middlesbrough,2-1,-
-,-,Burnley,Middlesbrough,5-2,-
-,-,Cardiff City,Middlesbrough,1-0,-
-,-,Carlisle United,Middlesbrough,3-0,-
-,-,Charlton Athletic,Middlesbrough,0-2,-
-,-,Fulham,Middlesbrough,2-2,-
-,-,Hull City,Middlesbrough,4-3,-
-,-,Leyton Orient,Middlesbrough,1-1,-
-,-,Luton Town,Middlesbrough,3-2,-
-,-,Millwall,Middlesbrough,1-0,-
-,-,Norwich City,Middlesbrough,2-0,-
-,-,Oxford United,Middlesbrough,0-0,-
-,-,Portsmouth,Middlesbrough,2-1,-
-,-,Preston North End,Middlesbrough,1-0,-
-,-,Queens Park Rangers,Middlesbrough,1-0,-
-,-,Sheffield Wednesday,Middlesbrough,1-0,-
-,-,Sunderland,Middlesbrough,4-1,-
-,-,Swindon Town,Middlesbrough,0-1,-
-,-,Watford,Middlesbrough,0-1,-
-,-,Birmingham City,Millwall,1-0,-
-,-,Blackpool,Millwall,0-0,-
-,-,Bristol City,Millwall,3-3,-
-,-,Burnley,Millwall,2-0,-
-,-,Cardiff City,Millwall,1-2,-
-,-,Carlisle United,Millwall,3-3,-
-,-,Charlton Athletic,Millwall,0-2,-
-,-,Fulham,Millwall,1-0,-
-,-,Hull City,Millwall,0-0,-
-,-,Leyton Orient,Millwall,2-2,-
-,-,Luton Town,Millwall,2-1,-
-,-,Middlesbrough,Millwall,1-0,-
-,-,Norwich City,Millwall,2-2,-
-,-,Oxford United,Millwall,1-2,-
-,-,Portsmouth,Millwall,1-1,-
-,-,Preston North End,Millwall,4-0,-
-,-,Queens Park Rangers,Millwall,1-1,-
-,-,Sheffield Wednesday,Millwall,1-1,-
-,-,Sunderland,Millwall,3-3,-
-,-,Swindon Town,Millwall,0-2,-
-,-,Watford,Millwall,0-1,-
-,-,Birmingham City,Norwich City,4-0,-
-,-,Blackpool,Norwich City,1-2,-
-,-,Bristol City,Norwich City,0-1,-
-,-,Burnley,Norwich City,1-0,-
-,-,Cardiff City,Norwich City,0-0,-
-,-,Carlisle United,Norwich City,3-0,-
-,-,Charlton Athletic,Norwich City,0-2,-
-,-,Fulham,Norwich City,0-0,-
-,-,Hull City,Norwich City,1-2,-
-,-,Leyton Orient,Norwich City,1-2,-
-,-,Luton Town,Norwich City,1-1,-
-,-,Middlesbrough,Norwich City,1-0,-
-,-,Millwall,Norwich City,2-1,-
-,-,Oxford United,Norwich City,0-2,-
-,-,Portsmouth,Norwich City,2-1,-
-,-,Preston North End,Norwich City,0-2,-
-,-,Queens Park Rangers,Norwich City,0-0,-
-,-,Sheffield Wednesday,Norwich City,1-1,-
-,-,Sunderland,Norwich City,1-1,-
-,-,Swindon Town,Norwich City,0-1,-
-,-,Watford,Norwich City,1-1,-
-,-,Birmingham City,Oxford United,0-0,-
-,-,Blackpool,Oxford United,2-0,-
-,-,Bristol City,Oxford United,4-2,-
-,-,Burnley,Oxford United,1-1,-
-,-,Cardiff City,Oxford United,1-1,-
-,-,Carlisle United,Oxford United,2-1,-
-,-,Charlton Athletic,Oxford United,3-0,-
-,-,Fulham,Oxford United,1-1,-
-,-,Hull City,Oxford United,1-0,-
-,-,Leyton Orient,Oxford United,1-1,-
-,-,Luton Town,Oxford United,1-2,-
-,-,Middlesbrough,Oxford United,2-1,-
-,-,Millwall,Oxford United,2-0,-
-,-,Norwich City,Oxford United,3-2,-
-,-,Portsmouth,Oxford United,2-0,-
-,-,Preston North End,Oxford United,1-0,-
-,-,Queens Park Rangers,Oxford United,4-2,-
-,-,Sheffield Wednesday,Oxford United,0-0,-
-,-,Sunderland,Oxford United,3-0,-
-,-,Swindon Town,Oxford United,4-0,-
-,-,Watford,Oxford United,0-1,-
-,-,Birmingham City,Portsmouth,6-3,-
-,-,Blackpool,Portsmouth,1-2,-
-,-,Bristol City,Portsmouth,1-1,-
-,-,Burnley,Portsmouth,1-3,-
-,-,Cardiff City,Portsmouth,3-2,-
-,-,Carlisle United,Portsmouth,1-0,-
-,-,Charlton Athletic,Portsmouth,1-1,-
-,-,Fulham,Portsmouth,1-1,-
-,-,Hull City,Portsmouth,1-3,-
-,-,Leyton Orient,Portsmouth,2-1,-
-,-,Luton Town,Portsmouth,3-2,-
-,-,Middlesbrough,Portsmouth,2-1,-
-,-,Millwall,Portsmouth,1-0,-
-,-,Norwich City,Portsmouth,3-1,-
-,-,Oxford United,Portsmouth,2-2,-
-,-,Preston North End,Portsmouth,4-0,-
-,-,Queens Park Rangers,Portsmouth,1-1,-
-,-,Sheffield Wednesday,Portsmouth,1-1,-
-,-,Sunderland,Portsmouth,3-2,-
-,-,Swindon Town,Portsmouth,3-1,-
-,-,Watford,Portsmouth,1-0,-
-,-,Birmingham City,Preston North End,2-2,-
-,-,Blackpool,Preston North End,1-1,-
-,-,Bristol City,Preston North End,4-1,-
-,-,Burnley,Preston North End,1-0,-
-,-,Cardiff City,Preston North End,5-2,-
-,-,Carlisle United,Preston North End,0-0,-
-,-,Charlton Athletic,Preston North End,2-1,-
-,-,Fulham,Preston North End,0-0,-
-,-,Hull City,Preston North End,3-2,-
-,-,Leyton Orient,Preston North End,3-2,-
-,-,Luton Town,Preston North End,1-1,-
-,-,Middlesbrough,Preston North End,0-1,-
-,-,Millwall,Preston North End,2-0,-
-,-,Norwich City,Preston North End,1-1,-
-,-,Oxford United,Preston North End,2-0,-
-,-,Portsmouth,Preston North End,1-1,-
-,-,Queens Park Rangers,Preston North End,2-1,-
-,-,Sheffield Wednesday,Preston North End,1-0,-
-,-,Sunderland,Preston North End,4-3,-
-,-,Swindon Town,Preston North End,1-1,-
-,-,Watford,Preston North End,1-0,-
-,-,Birmingham City,Queens Park Rangers,0-0,-
-,-,Blackpool,Queens Park Rangers,1-1,-
-,-,Bristol City,Queens Park Rangers,2-0,-
-,-,Burnley,Queens Park Rangers,1-0,-
-,-,Cardiff City,Queens Park Rangers,0-0,-
-,-,Carlisle United,Queens Park Rangers,1-4,-
-,-,Charlton Athletic,Queens Park Rangers,2-1,-
-,-,Fulham,Queens Park Rangers,0-3,-
-,-,Hull City,Queens Park Rangers,1-1,-
-,-,Leyton Orient,Queens Park Rangers,2-0,-
-,-,Luton Town,Queens Park Rangers,1-1,-
-,-,Middlesbrough,Queens Park Rangers,3-2,-
-,-,Millwall,Queens Park Rangers,0-0,-
-,-,Norwich City,Queens Park Rangers,0-0,-
-,-,Oxford United,Queens Park Rangers,3-1,-
-,-,Portsmouth,Queens Park Rangers,1-0,-
-,-,Preston North End,Queens Park Rangers,1-1,-
-,-,Sheffield Wednesday,Queens Park Rangers,0-0,-
-,-,Sunderland,Queens Park Rangers,0-1,-
-,-,Swindon Town,Queens Park Rangers,0-0,-
-,-,Watford,Queens Park Rangers,0-2,-
-,-,Birmingham City,Sheffield Wednesday,0-0,-
-,-,Blackpool,Sheffield Wednesday,1-0,-
-,-,Bristol City,Sheffield Wednesday,1-0,-
-,-,Burnley,Sheffield Wednesday,5-3,-
-,-,Cardiff City,Sheffield Wednesday,3-2,-
-,-,Carlisle United,Sheffield Wednesday,2-2,-
-,-,Charlton Athletic,Sheffield Wednesday,2-2,-
-,-,Fulham,Sheffield Wednesday,4-0,-
-,-,Hull City,Sheffield Wednesday,1-0,-
-,-,Leyton Orient,Sheffield Wednesday,0-3,-
-,-,Luton Town,Sheffield Wednesday,3-1,-
-,-,Middlesbrough,Sheffield Wednesday,2-1,-
-,-,Millwall,Sheffield Wednesday,1-1,-
-,-,Norwich City,Sheffield Wednesday,1-0,-
-,-,Oxford United,Sheffield Wednesday,1-0,-
-,-,Portsmouth,Sheffield Wednesday,1-2,-
-,-,Preston North End,Sheffield Wednesday,1-0,-
-,-,Queens Park Rangers,Sheffield Wednesday,3-0,-
-,-,Sunderland,Sheffield Wednesday,2-0,-
-,-,Swindon Town,Sheffield Wednesday,1-0,-
-,-,Watford,Sheffield Wednesday,1-1,-
-,-,Birmingham City,Sunderland,1-1,-
-,-,Blackpool,Sunderland,1-1,-
-,-,Bristol City,Sunderland,3-1,-
-,-,Burnley,Sunderland,0-1,-
-,-,Cardiff City,Sunderland,1-2,-
-,-,Carlisle United,Sunderland,1-2,-
-,-,Charlton Athletic,Sunderland,2-2,-
-,-,Fulham,Sunderland,0-0,-
-,-,Hull City,Sunderland,2-3,-
-,-,Leyton Orient,Sunderland,5-0,-
-,-,Luton Town,Sunderland,1-2,-
-,-,Middlesbrough,Sunderland,2-0,-
-,-,Millwall,Sunderland,1-1,-
-,-,Norwich City,Sunderland,1-1,-
-,-,Oxford United,Sunderland,2-0,-
-,-,Portsmouth,Sunderland,2-2,-
-,-,Preston North End,Sunderland,1-3,-
-,-,Queens Park Rangers,Sunderland,2-1,-
-,-,Sheffield Wednesday,Sunderland,3-0,-
-,-,Swindon Town,Sunderland,1-1,-
-,-,Watford,Sunderland,1-1,-
-,-,Birmingham City,Swindon Town,4-1,-
-,-,Blackpool,Swindon Town,4-1,-
-,-,Bristol City,Swindon Town,1-0,-
-,-,Burnley,Swindon Town,1-2,-
-,-,Cardiff City,Swindon Town,0-1,-
-,-,Carlisle United,Swindon Town,0-0,-
-,-,Charlton Athletic,Swindon Town,3-1,-
-,-,Fulham,Swindon Town,2-4,-
-,-,Hull City,Swindon Town,2-0,-
-,-,Leyton Orient,Swindon Town,0-1,-
-,-,Luton Town,Swindon Town,0-0,-
-,-,Middlesbrough,Swindon Town,2-0,-
-,-,Millwall,Swindon Town,2-2,-
-,-,Norwich City,Swindon Town,1-0,-
-,-,Oxford United,Swindon Town,1-1,-
-,-,Portsmouth,Swindon Town,1-2,-
-,-,Preston North End,Swindon Town,2-2,-
-,-,Queens Park Rangers,Swindon Town,3-0,-
-,-,Sheffield Wednesday,Swindon Town,1-0,-
-,-,Sunderland,Swindon Town,1-0,-
-,-,Watford,Swindon Town,0-0,-
-,-,Birmingham City,Watford,4-1,-
-,-,Blackpool,Watford,5-0,-
-,-,Bristol City,Watford,2-1,-
-,-,Burnley,Watford,3-0,-
-,-,Cardiff City,Watford,2-0,-
-,-,Carlisle United,Watford,2-0,-
-,-,Charlton Athletic,Watford,2-0,-
-,-,Fulham,Watford,3-0,-
-,-,Hull City,Watford,4-0,-
-,-,Leyton Orient,Watford,1-0,-
-,-,Luton Town,Watford,0-0,-
-,-,Middlesbrough,Watford,2-1,-
-,-,Millwall,Watford,3-2,-
-,-,Norwich City,Watford,1-1,-
-,-,Oxford United,Watford,0-0,-
-,-,Portsmouth,Watford,2-2,-
-,-,Preston North End,Watford,2-0,-
-,-,Queens Park Rangers,Watford,3-0,-
-,-,Sheffield Wednesday,Watford,2-1,-
-,-,Sunderland,Watford,5-0,-
-,-,Swindon Town,Watford,2-0,-
