Round,Date,Team 1,Team 2,FT,HT
-,-,Blackpool,Aldershot,4-1,-
-,-,Bristol City,Aldershot,2-0,-
-,-,Bury,Aldershot,3-1,-
-,-,Chester,Aldershot,1-1,-
-,-,Colchester United,Aldershot,0-0,-
-,-,Crewe Alexandra,Aldershot,0-0,-
-,-,Darlington,Aldershot,1-1,-
-,-,Halifax Town,Aldershot,1-3,-
-,-,Hartlepool United,Aldershot,1-1,-
-,-,Hereford United,Aldershot,2-1,-
-,-,Hull City,Aldershot,2-2,-
-,-,Mansfield Town,Aldershot,4-1,-
-,-,Northampton Town,Aldershot,1-1,-
-,-,Peterborough United,Aldershot,0-0,-
-,-,Port Vale,Aldershot,2-1,-
-,-,Rochdale,Aldershot,3-1,-
-,-,Scunthorpe United,Aldershot,1-1,-
-,-,Stockport County,Aldershot,2-1,-
-,-,Swindon Town,Aldershot,2-0,-
-,-,Torquay United,Aldershot,4-2,-
-,-,Tranmere Rovers,Aldershot,1-1,-
-,-,Wimbledon,Aldershot,6-1,-
-,-,York City,Aldershot,4-0,-
-,-,Aldershot,Blackpool,2-1,-
-,-,Bristol City,Blackpool,0-0,-
-,-,Bury,Blackpool,4-1,-
-,-,Chester,Blackpool,1-2,-
-,-,Colchester United,Blackpool,4-1,-
-,-,Crewe Alexandra,Blackpool,3-1,-
-,-,Darlington,Blackpool,0-1,-
-,-,Halifax Town,Blackpool,2-0,-
-,-,Hartlepool United,Blackpool,2-1,-
-,-,Hereford United,Blackpool,0-0,-
-,-,Hull City,Blackpool,3-1,-
-,-,Mansfield Town,Blackpool,2-1,-
-,-,Northampton Town,Blackpool,2-1,-
-,-,Peterborough United,Blackpool,3-1,-
-,-,Port Vale,Blackpool,1-0,-
-,-,Rochdale,Blackpool,3-1,-
-,-,Scunthorpe United,Blackpool,4-3,-
-,-,Stockport County,Blackpool,3-0,-
-,-,Swindon Town,Blackpool,3-3,-
-,-,Torquay United,Blackpool,1-3,-
-,-,Tranmere Rovers,Blackpool,1-1,-
-,-,Wimbledon,Blackpool,5-0,-
-,-,York City,Blackpool,2-0,-
-,-,Aldershot,Bristol City,0-0,-
-,-,Blackpool,Bristol City,1-4,-
-,-,Bury,Bristol City,2-2,-
-,-,Chester,Bristol City,1-0,-
-,-,Colchester United,Bristol City,3-1,-
-,-,Crewe Alexandra,Bristol City,4-1,-
-,-,Darlington,Bristol City,2-2,-
-,-,Halifax Town,Bristol City,2-2,-
-,-,Hartlepool United,Bristol City,3-1,-
-,-,Hereford United,Bristol City,1-3,-
-,-,Hull City,Bristol City,1-0,-
-,-,Mansfield Town,Bristol City,1-1,-
-,-,Northampton Town,Bristol City,7-1,-
-,-,Peterborough United,Bristol City,3-0,-
-,-,Port Vale,Bristol City,1-1,-
-,-,Rochdale,Bristol City,1-0,-
-,-,Scunthorpe United,Bristol City,1-1,-
-,-,Stockport County,Bristol City,2-2,-
-,-,Swindon Town,Bristol City,2-0,-
-,-,Torquay United,Bristol City,0-2,-
-,-,Tranmere Rovers,Bristol City,2-2,-
-,-,Wimbledon,Bristol City,2-1,-
-,-,York City,Bristol City,3-0,-
-,-,Aldershot,Bury,1-1,-
-,-,Blackpool,Bury,1-1,-
-,-,Bristol City,Bury,2-1,-
-,-,Chester,Bury,0-1,-
-,-,Colchester United,Bury,2-1,-
-,-,Crewe Alexandra,Bury,3-3,-
-,-,Darlington,Bury,1-2,-
-,-,Halifax Town,Bury,1-0,-
-,-,Hartlepool United,Bury,0-1,-
-,-,Hereford United,Bury,0-2,-
-,-,Hull City,Bury,2-1,-
-,-,Mansfield Town,Bury,1-4,-
-,-,Northampton Town,Bury,0-3,-
-,-,Peterborough United,Bury,1-1,-
-,-,Port Vale,Bury,0-0,-
-,-,Rochdale,Bury,0-0,-
-,-,Scunthorpe United,Bury,0-1,-
-,-,Stockport County,Bury,2-1,-
-,-,Swindon Town,Bury,1-1,-
-,-,Torquay United,Bury,2-3,-
-,-,Tranmere Rovers,Bury,1-1,-
-,-,Wimbledon,Bury,2-1,-
-,-,York City,Bury,3-1,-
-,-,Aldershot,Chester,1-2,-
-,-,Blackpool,Chester,1-1,-
-,-,Bristol City,Chester,0-0,-
-,-,Bury,Chester,3-2,-
-,-,Colchester United,Chester,1-0,-
-,-,Crewe Alexandra,Chester,3-2,-
-,-,Darlington,Chester,0-2,-
-,-,Halifax Town,Chester,0-0,-
-,-,Hartlepool United,Chester,1-0,-
-,-,Hereford United,Chester,5-2,-
-,-,Hull City,Chester,2-0,-
-,-,Mansfield Town,Chester,2-1,-
-,-,Northampton Town,Chester,1-1,-
-,-,Peterborough United,Chester,0-1,-
-,-,Port Vale,Chester,2-1,-
-,-,Rochdale,Chester,0-1,-
-,-,Scunthorpe United,Chester,2-0,-
-,-,Stockport County,Chester,3-3,-
-,-,Swindon Town,Chester,2-3,-
-,-,Torquay United,Chester,0-1,-
-,-,Tranmere Rovers,Chester,2-4,-
-,-,Wimbledon,Chester,4-0,-
-,-,York City,Chester,1-0,-
-,-,Aldershot,Colchester United,0-1,-
-,-,Blackpool,Colchester United,1-2,-
-,-,Bristol City,Colchester United,0-2,-
-,-,Bury,Colchester United,1-0,-
-,-,Chester,Colchester United,1-1,-
-,-,Crewe Alexandra,Colchester United,0-1,-
-,-,Darlington,Colchester United,1-3,-
-,-,Halifax Town,Colchester United,4-0,-
-,-,Hartlepool United,Colchester United,1-4,-
-,-,Hereford United,Colchester United,0-0,-
-,-,Hull City,Colchester United,3-0,-
-,-,Mansfield Town,Colchester United,1-1,-
-,-,Northampton Town,Colchester United,2-1,-
-,-,Peterborough United,Colchester United,2-1,-
-,-,Port Vale,Colchester United,0-0,-
-,-,Rochdale,Colchester United,2-1,-
-,-,Scunthorpe United,Colchester United,2-1,-
-,-,Stockport County,Colchester United,3-0,-
-,-,Swindon Town,Colchester United,3-0,-
-,-,Torquay United,Colchester United,2-0,-
-,-,Tranmere Rovers,Colchester United,2-4,-
-,-,Wimbledon,Colchester United,2-1,-
-,-,York City,Colchester United,3-0,-
-,-,Aldershot,Crewe Alexandra,2-1,-
-,-,Blackpool,Crewe Alexandra,2-0,-
-,-,Bristol City,Crewe Alexandra,2-1,-
-,-,Bury,Crewe Alexandra,0-1,-
-,-,Chester,Crewe Alexandra,1-0,-
-,-,Colchester United,Crewe Alexandra,4-3,-
-,-,Darlington,Crewe Alexandra,1-1,-
-,-,Halifax Town,Crewe Alexandra,0-3,-
-,-,Hartlepool United,Crewe Alexandra,1-0,-
-,-,Hereford United,Crewe Alexandra,1-0,-
-,-,Hull City,Crewe Alexandra,1-0,-
-,-,Mansfield Town,Crewe Alexandra,1-0,-
-,-,Northampton Town,Crewe Alexandra,4-0,-
-,-,Peterborough United,Crewe Alexandra,2-1,-
-,-,Port Vale,Crewe Alexandra,1-1,-
-,-,Rochdale,Crewe Alexandra,2-0,-
-,-,Scunthorpe United,Crewe Alexandra,2-0,-
-,-,Stockport County,Crewe Alexandra,3-2,-
-,-,Swindon Town,Crewe Alexandra,1-0,-
-,-,Torquay United,Crewe Alexandra,2-1,-
-,-,Tranmere Rovers,Crewe Alexandra,1-1,-
-,-,Wimbledon,Crewe Alexandra,3-2,-
-,-,York City,Crewe Alexandra,2-0,-
-,-,Aldershot,Darlington,1-6,-
-,-,Blackpool,Darlington,2-0,-
-,-,Bristol City,Darlington,2-2,-
-,-,Bury,Darlington,3-0,-
-,-,Chester,Darlington,2-3,-
-,-,Colchester United,Darlington,2-2,-
-,-,Crewe Alexandra,Darlington,2-5,-
-,-,Halifax Town,Darlington,2-0,-
-,-,Hartlepool United,Darlington,2-0,-
-,-,Hereford United,Darlington,0-0,-
-,-,Hull City,Darlington,0-0,-
-,-,Mansfield Town,Darlington,0-2,-
-,-,Northampton Town,Darlington,3-3,-
-,-,Peterborough United,Darlington,1-1,-
-,-,Port Vale,Darlington,2-1,-
-,-,Rochdale,Darlington,1-1,-
-,-,Scunthorpe United,Darlington,2-2,-
-,-,Stockport County,Darlington,2-1,-
-,-,Swindon Town,Darlington,1-2,-
-,-,Torquay United,Darlington,1-0,-
-,-,Tranmere Rovers,Darlington,2-0,-
-,-,Wimbledon,Darlington,3-1,-
-,-,York City,Darlington,5-2,-
-,-,Aldershot,Halifax Town,6-1,-
-,-,Blackpool,Halifax Town,0-0,-
-,-,Bristol City,Halifax Town,3-0,-
-,-,Bury,Halifax Town,2-0,-
-,-,Chester,Halifax Town,2-0,-
-,-,Colchester United,Halifax Town,1-0,-
-,-,Crewe Alexandra,Halifax Town,1-1,-
-,-,Darlington,Halifax Town,1-2,-
-,-,Hartlepool United,Halifax Town,1-2,-
-,-,Hereford United,Halifax Town,2-0,-
-,-,Hull City,Halifax Town,1-1,-
-,-,Mansfield Town,Halifax Town,1-2,-
-,-,Northampton Town,Halifax Town,3-1,-
-,-,Peterborough United,Halifax Town,2-1,-
-,-,Port Vale,Halifax Town,2-1,-
-,-,Rochdale,Halifax Town,2-2,-
-,-,Scunthorpe United,Halifax Town,2-0,-
-,-,Stockport County,Halifax Town,4-2,-
-,-,Swindon Town,Halifax Town,0-1,-
-,-,Torquay United,Halifax Town,1-3,-
-,-,Tranmere Rovers,Halifax Town,1-2,-
-,-,Wimbledon,Halifax Town,2-4,-
-,-,York City,Halifax Town,3-2,-
-,-,Aldershot,Hartlepool United,0-2,-
-,-,Blackpool,Hartlepool United,1-2,-
-,-,Bristol City,Hartlepool United,2-0,-
-,-,Bury,Hartlepool United,4-0,-
-,-,Chester,Hartlepool United,2-1,-
-,-,Colchester United,Hartlepool United,4-1,-
-,-,Crewe Alexandra,Hartlepool United,3-0,-
-,-,Darlington,Hartlepool United,2-1,-
-,-,Halifax Town,Hartlepool United,1-1,-
-,-,Hereford United,Hartlepool United,1-0,-
-,-,Hull City,Hartlepool United,1-1,-
-,-,Mansfield Town,Hartlepool United,3-0,-
-,-,Northampton Town,Hartlepool United,3-1,-
-,-,Peterborough United,Hartlepool United,2-1,-
-,-,Port Vale,Hartlepool United,3-0,-
-,-,Rochdale,Hartlepool United,2-0,-
-,-,Scunthorpe United,Hartlepool United,3-0,-
-,-,Stockport County,Hartlepool United,1-1,-
-,-,Swindon Town,Hartlepool United,3-0,-
-,-,Torquay United,Hartlepool United,3-2,-
-,-,Tranmere Rovers,Hartlepool United,1-1,-
-,-,Wimbledon,Hartlepool United,2-0,-
-,-,York City,Hartlepool United,5-1,-
-,-,Aldershot,Hereford United,2-1,-
-,-,Blackpool,Hereford United,5-1,-
-,-,Bristol City,Hereford United,1-1,-
-,-,Bury,Hereford United,3-2,-
-,-,Chester,Hereford United,5-0,-
-,-,Colchester United,Hereford United,3-2,-
-,-,Crewe Alexandra,Hereford United,3-1,-
-,-,Darlington,Hereford United,2-1,-
-,-,Halifax Town,Hereford United,2-2,-
-,-,Hartlepool United,Hereford United,0-1,-
-,-,Hull City,Hereford United,2-0,-
-,-,Mansfield Town,Hereford United,0-1,-
-,-,Northampton Town,Hereford United,2-1,-
-,-,Peterborough United,Hereford United,4-0,-
-,-,Port Vale,Hereford United,2-0,-
-,-,Rochdale,Hereford United,4-1,-
-,-,Scunthorpe United,Hereford United,1-2,-
-,-,Stockport County,Hereford United,2-1,-
-,-,Swindon Town,Hereford United,3-2,-
-,-,Torquay United,Hereford United,2-1,-
-,-,Tranmere Rovers,Hereford United,2-1,-
-,-,Wimbledon,Hereford United,1-0,-
-,-,York City,Hereford United,5-1,-
-,-,Aldershot,Hull City,1-2,-
-,-,Blackpool,Hull City,1-1,-
-,-,Bristol City,Hull City,2-1,-
-,-,Bury,Hull City,2-3,-
-,-,Chester,Hull City,0-0,-
-,-,Colchester United,Hull City,0-0,-
-,-,Crewe Alexandra,Hull City,0-3,-
-,-,Darlington,Hull City,1-2,-
-,-,Halifax Town,Hull City,1-2,-
-,-,Hartlepool United,Hull City,0-0,-
-,-,Hereford United,Hull City,2-0,-
-,-,Mansfield Town,Hull City,3-1,-
-,-,Northampton Town,Hull City,1-2,-
-,-,Peterborough United,Hull City,1-1,-
-,-,Port Vale,Hull City,1-0,-
-,-,Rochdale,Hull City,1-3,-
-,-,Scunthorpe United,Hull City,0-1,-
-,-,Stockport County,Hull City,1-1,-
-,-,Swindon Town,Hull City,0-1,-
-,-,Torquay United,Hull City,0-0,-
-,-,Tranmere Rovers,Hull City,0-1,-
-,-,Wimbledon,Hull City,1-2,-
-,-,York City,Hull City,1-0,-
-,-,Aldershot,Mansfield Town,2-1,-
-,-,Blackpool,Mansfield Town,2-1,-
-,-,Bristol City,Mansfield Town,3-1,-
-,-,Bury,Mansfield Town,1-0,-
-,-,Chester,Mansfield Town,1-3,-
-,-,Colchester United,Mansfield Town,2-0,-
-,-,Crewe Alexandra,Mansfield Town,1-2,-
-,-,Darlington,Mansfield Town,0-0,-
-,-,Halifax Town,Mansfield Town,0-0,-
-,-,Hartlepool United,Mansfield Town,0-4,-
-,-,Hereford United,Mansfield Town,0-2,-
-,-,Hull City,Mansfield Town,2-2,-
-,-,Northampton Town,Mansfield Town,1-2,-
-,-,Peterborough United,Mansfield Town,3-2,-
-,-,Port Vale,Mansfield Town,4-1,-
-,-,Rochdale,Mansfield Town,2-2,-
-,-,Scunthorpe United,Mansfield Town,2-2,-
-,-,Stockport County,Mansfield Town,1-1,-
-,-,Swindon Town,Mansfield Town,4-0,-
-,-,Torquay United,Mansfield Town,3-1,-
-,-,Tranmere Rovers,Mansfield Town,3-0,-
-,-,Wimbledon,Mansfield Town,1-1,-
-,-,York City,Mansfield Town,6-1,-
-,-,Aldershot,Northampton Town,3-0,-
-,-,Blackpool,Northampton Town,0-0,-
-,-,Bristol City,Northampton Town,1-3,-
-,-,Bury,Northampton Town,1-1,-
-,-,Chester,Northampton Town,2-1,-
-,-,Colchester United,Northampton Town,3-1,-
-,-,Crewe Alexandra,Northampton Town,1-0,-
-,-,Darlington,Northampton Town,2-0,-
-,-,Halifax Town,Northampton Town,2-0,-
-,-,Hartlepool United,Northampton Town,2-1,-
-,-,Hereford United,Northampton Town,1-1,-
-,-,Hull City,Northampton Town,4-0,-
-,-,Mansfield Town,Northampton Town,2-0,-
-,-,Peterborough United,Northampton Town,2-0,-
-,-,Port Vale,Northampton Town,1-2,-
-,-,Rochdale,Northampton Town,2-0,-
-,-,Scunthorpe United,Northampton Town,5-1,-
-,-,Stockport County,Northampton Town,0-1,-
-,-,Swindon Town,Northampton Town,1-5,-
-,-,Torquay United,Northampton Town,3-1,-
-,-,Tranmere Rovers,Northampton Town,2-1,-
-,-,Wimbledon,Northampton Town,1-1,-
-,-,York City,Northampton Town,5-2,-
-,-,Aldershot,Peterborough United,2-0,-
-,-,Blackpool,Peterborough United,0-3,-
-,-,Bristol City,Peterborough United,1-0,-
-,-,Bury,Peterborough United,1-0,-
-,-,Chester,Peterborough United,1-1,-
-,-,Colchester United,Peterborough United,1-0,-
-,-,Crewe Alexandra,Peterborough United,0-3,-
-,-,Darlington,Peterborough United,4-3,-
-,-,Halifax Town,Peterborough United,1-2,-
-,-,Hartlepool United,Peterborough United,0-0,-
-,-,Hereford United,Peterborough United,0-1,-
-,-,Hull City,Peterborough United,4-1,-
-,-,Mansfield Town,Peterborough United,0-0,-
-,-,Northampton Town,Peterborough United,0-0,-
-,-,Port Vale,Peterborough United,2-1,-
-,-,Rochdale,Peterborough United,1-1,-
-,-,Scunthorpe United,Peterborough United,3-0,-
-,-,Stockport County,Peterborough United,1-1,-
-,-,Swindon Town,Peterborough United,1-0,-
-,-,Torquay United,Peterborough United,2-1,-
-,-,Tranmere Rovers,Peterborough United,1-0,-
-,-,Wimbledon,Peterborough United,2-1,-
-,-,York City,Peterborough United,1-1,-
-,-,Aldershot,Port Vale,1-4,-
-,-,Blackpool,Port Vale,2-0,-
-,-,Bristol City,Port Vale,1-3,-
-,-,Bury,Port Vale,0-1,-
-,-,Chester,Port Vale,1-0,-
-,-,Colchester United,Port Vale,1-2,-
-,-,Crewe Alexandra,Port Vale,1-2,-
-,-,Darlington,Port Vale,0-0,-
-,-,Halifax Town,Port Vale,0-2,-
-,-,Hartlepool United,Port Vale,2-2,-
-,-,Hereford United,Port Vale,0-2,-
-,-,Hull City,Port Vale,1-0,-
-,-,Mansfield Town,Port Vale,0-2,-
-,-,Northampton Town,Port Vale,2-2,-
-,-,Peterborough United,Port Vale,0-0,-
-,-,Rochdale,Port Vale,3-3,-
-,-,Scunthorpe United,Port Vale,1-0,-
-,-,Stockport County,Port Vale,0-2,-
-,-,Swindon Town,Port Vale,1-0,-
-,-,Torquay United,Port Vale,0-1,-
-,-,Tranmere Rovers,Port Vale,0-2,-
-,-,Wimbledon,Port Vale,1-0,-
-,-,York City,Port Vale,0-0,-
-,-,Aldershot,Rochdale,6-4,-
-,-,Blackpool,Rochdale,1-0,-
-,-,Bristol City,Rochdale,0-0,-
-,-,Bury,Rochdale,0-0,-
-,-,Chester,Rochdale,5-2,-
-,-,Colchester United,Rochdale,4-1,-
-,-,Crewe Alexandra,Rochdale,1-1,-
-,-,Darlington,Rochdale,3-0,-
-,-,Halifax Town,Rochdale,0-0,-
-,-,Hartlepool United,Rochdale,3-0,-
-,-,Hereford United,Rochdale,1-0,-
-,-,Hull City,Rochdale,2-1,-
-,-,Mansfield Town,Rochdale,2-1,-
-,-,Northampton Town,Rochdale,1-1,-
-,-,Peterborough United,Rochdale,1-0,-
-,-,Port Vale,Rochdale,4-0,-
-,-,Scunthorpe United,Rochdale,1-1,-
-,-,Stockport County,Rochdale,2-2,-
-,-,Swindon Town,Rochdale,4-1,-
-,-,Torquay United,Rochdale,3-2,-
-,-,Tranmere Rovers,Rochdale,0-0,-
-,-,Wimbledon,Rochdale,3-0,-
-,-,York City,Rochdale,1-0,-
-,-,Aldershot,Scunthorpe United,1-1,-
-,-,Blackpool,Scunthorpe United,3-1,-
-,-,Bristol City,Scunthorpe United,0-2,-
-,-,Bury,Scunthorpe United,1-0,-
-,-,Chester,Scunthorpe United,1-2,-
-,-,Colchester United,Scunthorpe United,5-1,-
-,-,Crewe Alexandra,Scunthorpe United,0-1,-
-,-,Darlington,Scunthorpe United,0-1,-
-,-,Halifax Town,Scunthorpe United,3-1,-
-,-,Hartlepool United,Scunthorpe United,0-0,-
-,-,Hereford United,Scunthorpe United,0-2,-
-,-,Hull City,Scunthorpe United,1-1,-
-,-,Mansfield Town,Scunthorpe United,0-2,-
-,-,Northampton Town,Scunthorpe United,2-1,-
-,-,Peterborough United,Scunthorpe United,0-1,-
-,-,Port Vale,Scunthorpe United,0-1,-
-,-,Rochdale,Scunthorpe United,0-1,-
-,-,Stockport County,Scunthorpe United,1-1,-
-,-,Swindon Town,Scunthorpe United,2-2,-
-,-,Torquay United,Scunthorpe United,1-1,-
-,-,Tranmere Rovers,Scunthorpe United,0-4,-
-,-,Wimbledon,Scunthorpe United,2-2,-
-,-,York City,Scunthorpe United,2-1,-
-,-,Aldershot,Stockport County,2-1,-
-,-,Blackpool,Stockport County,0-0,-
-,-,Bristol City,Stockport County,2-2,-
-,-,Bury,Stockport County,3-2,-
-,-,Chester,Stockport County,0-2,-
-,-,Colchester United,Stockport County,3-0,-
-,-,Crewe Alexandra,Stockport County,3-0,-
-,-,Darlington,Stockport County,3-1,-
-,-,Halifax Town,Stockport County,1-0,-
-,-,Hartlepool United,Stockport County,3-2,-
-,-,Hereford United,Stockport County,0-0,-
-,-,Hull City,Stockport County,7-0,-
-,-,Mansfield Town,Stockport County,1-0,-
-,-,Northampton Town,Stockport County,2-3,-
-,-,Peterborough United,Stockport County,1-0,-
-,-,Port Vale,Stockport County,2-3,-
-,-,Rochdale,Stockport County,1-0,-
-,-,Scunthorpe United,Stockport County,3-0,-
-,-,Swindon Town,Stockport County,2-0,-
-,-,Torquay United,Stockport County,3-0,-
-,-,Tranmere Rovers,Stockport County,1-1,-
-,-,Wimbledon,Stockport County,2-1,-
-,-,York City,Stockport County,3-1,-
-,-,Aldershot,Swindon Town,1-1,-
-,-,Blackpool,Swindon Town,2-1,-
-,-,Bristol City,Swindon Town,1-1,-
-,-,Bury,Swindon Town,0-0,-
-,-,Chester,Swindon Town,0-1,-
-,-,Colchester United,Swindon Town,1-0,-
-,-,Crewe Alexandra,Swindon Town,3-0,-
-,-,Darlington,Swindon Town,1-0,-
-,-,Halifax Town,Swindon Town,1-0,-
-,-,Hartlepool United,Swindon Town,1-2,-
-,-,Hereford United,Swindon Town,1-2,-
-,-,Hull City,Swindon Town,0-0,-
-,-,Mansfield Town,Swindon Town,1-0,-
-,-,Northampton Town,Swindon Town,0-1,-
-,-,Peterborough United,Swindon Town,4-3,-
-,-,Port Vale,Swindon Town,3-0,-
-,-,Rochdale,Swindon Town,1-1,-
-,-,Scunthorpe United,Swindon Town,2-0,-
-,-,Stockport County,Swindon Town,1-2,-
-,-,Torquay United,Swindon Town,1-1,-
-,-,Tranmere Rovers,Swindon Town,2-0,-
-,-,Wimbledon,Swindon Town,0-0,-
-,-,York City,Swindon Town,0-0,-
-,-,Aldershot,Torquay United,2-1,-
-,-,Blackpool,Torquay United,1-0,-
-,-,Bristol City,Torquay United,0-1,-
-,-,Bury,Torquay United,3-0,-
-,-,Chester,Torquay United,0-0,-
-,-,Colchester United,Torquay United,1-0,-
-,-,Crewe Alexandra,Torquay United,1-1,-
-,-,Darlington,Torquay United,0-2,-
-,-,Halifax Town,Torquay United,3-0,-
-,-,Hartlepool United,Torquay United,0-2,-
-,-,Hereford United,Torquay United,0-1,-
-,-,Hull City,Torquay United,4-1,-
-,-,Mansfield Town,Torquay United,2-1,-
-,-,Northampton Town,Torquay United,2-0,-
-,-,Peterborough United,Torquay United,1-3,-
-,-,Port Vale,Torquay United,1-0,-
-,-,Rochdale,Torquay United,2-2,-
-,-,Scunthorpe United,Torquay United,2-0,-
-,-,Stockport County,Torquay United,1-0,-
-,-,Swindon Town,Torquay United,2-1,-
-,-,Tranmere Rovers,Torquay United,2-0,-
-,-,Wimbledon,Torquay United,4-1,-
-,-,York City,Torquay United,1-1,-
-,-,Aldershot,Tranmere Rovers,1-0,-
-,-,Blackpool,Tranmere Rovers,0-2,-
-,-,Bristol City,Tranmere Rovers,1-0,-
-,-,Bury,Tranmere Rovers,3-0,-
-,-,Chester,Tranmere Rovers,0-0,-
-,-,Colchester United,Tranmere Rovers,3-3,-
-,-,Crewe Alexandra,Tranmere Rovers,0-1,-
-,-,Darlington,Tranmere Rovers,1-0,-
-,-,Halifax Town,Tranmere Rovers,1-2,-
-,-,Hartlepool United,Tranmere Rovers,4-0,-
-,-,Hereford United,Tranmere Rovers,1-0,-
-,-,Hull City,Tranmere Rovers,0-1,-
-,-,Mansfield Town,Tranmere Rovers,1-1,-
-,-,Northampton Town,Tranmere Rovers,1-0,-
-,-,Peterborough United,Tranmere Rovers,3-0,-
-,-,Port Vale,Tranmere Rovers,0-1,-
-,-,Rochdale,Tranmere Rovers,4-2,-
-,-,Scunthorpe United,Tranmere Rovers,2-1,-
-,-,Stockport County,Tranmere Rovers,3-2,-
-,-,Swindon Town,Tranmere Rovers,4-2,-
-,-,Torquay United,Tranmere Rovers,3-0,-
-,-,Wimbledon,Tranmere Rovers,4-0,-
-,-,York City,Tranmere Rovers,2-1,-
-,-,Aldershot,Wimbledon,1-1,-
-,-,Blackpool,Wimbledon,1-1,-
-,-,Bristol City,Wimbledon,4-2,-
-,-,Bury,Wimbledon,1-3,-
-,-,Chester,Wimbledon,1-2,-
-,-,Colchester United,Wimbledon,3-0,-
-,-,Crewe Alexandra,Wimbledon,0-2,-
-,-,Darlington,Wimbledon,0-2,-
-,-,Halifax Town,Wimbledon,1-1,-
-,-,Hartlepool United,Wimbledon,1-0,-
-,-,Hereford United,Wimbledon,1-4,-
-,-,Hull City,Wimbledon,1-1,-
-,-,Mansfield Town,Wimbledon,2-2,-
-,-,Northampton Town,Wimbledon,2-2,-
-,-,Peterborough United,Wimbledon,0-3,-
-,-,Port Vale,Wimbledon,1-0,-
-,-,Rochdale,Wimbledon,0-2,-
-,-,Scunthorpe United,Wimbledon,0-0,-
-,-,Stockport County,Wimbledon,1-3,-
-,-,Swindon Town,Wimbledon,0-1,-
-,-,Torquay United,Wimbledon,0-1,-
-,-,Tranmere Rovers,Wimbledon,0-2,-
-,-,York City,Wimbledon,1-4,-
-,-,Aldershot,York City,2-3,-
-,-,Blackpool,York City,1-1,-
-,-,Bristol City,York City,2-2,-
-,-,Bury,York City,2-1,-
-,-,Chester,York City,0-1,-
-,-,Colchester United,York City,0-0,-
-,-,Crewe Alexandra,York City,2-1,-
-,-,Darlington,York City,1-3,-
-,-,Halifax Town,York City,2-2,-
-,-,Hartlepool United,York City,2-0,-
-,-,Hereford United,York City,0-0,-
-,-,Hull City,York City,4-0,-
-,-,Mansfield Town,York City,2-2,-
-,-,Northampton Town,York City,1-1,-
-,-,Peterborough United,York City,2-2,-
-,-,Port Vale,York City,2-1,-
-,-,Rochdale,York City,1-0,-
-,-,Scunthorpe United,York City,0-0,-
-,-,Stockport County,York City,2-1,-
-,-,Swindon Town,York City,3-2,-
-,-,Torquay United,York City,1-3,-
-,-,Tranmere Rovers,York City,3-0,-
-,-,Wimbledon,York City,4-3,-
