Round,Date,Team 1,Team 2,FT,HT
-,-,Aston Villa,Arsenal,1-4,-
-,-,Birmingham City,Arsenal,0-1,-
-,-,Chelsea,Arsenal,2-1,-
-,-,Coventry City,Arsenal,0-2,-
-,-,Everton,Arsenal,6-1,-
-,-,Ipswich Town,Arsenal,1-2,-
-,-,Leicester City,Arsenal,2-2,-
-,-,Liverpool,Arsenal,2-0,-
-,-,Luton Town,Arsenal,2-2,-
-,-,Manchester City,Arsenal,0-1,-
-,-,Manchester United,Arsenal,0-1,-
-,-,Newcastle United,Arsenal,1-0,-
-,-,Nottingham Forest,Arsenal,3-2,-
-,-,Oxford United,Arsenal,3-0,-
-,-,Queens Park Rangers,Arsenal,0-1,-
-,-,Sheffield Wednesday,Arsenal,2-0,-
-,-,Southampton,Arsenal,3-0,-
-,-,Tottenham Hotspur,Arsenal,1-0,-
-,-,Watford,Arsenal,3-0,-
-,-,West Bromwich Albion,Arsenal,0-0,-
-,-,West Ham United,Arsenal,0-0,-
-,-,Arsenal,Aston Villa,3-2,-
-,-,Birmingham City,Aston Villa,0-0,-
-,-,Chelsea,Aston Villa,2-1,-
-,-,Coventry City,Aston Villa,3-3,-
-,-,Everton,Aston Villa,2-0,-
-,-,Ipswich Town,Aston Villa,0-3,-
-,-,Leicester City,Aston Villa,3-1,-
-,-,Liverpool,Aston Villa,3-0,-
-,-,Luton Town,Aston Villa,2-0,-
-,-,Manchester City,Aston Villa,2-2,-
-,-,Manchester United,Aston Villa,4-0,-
-,-,Newcastle United,Aston Villa,2-2,-
-,-,Nottingham Forest,Aston Villa,1-1,-
-,-,Oxford United,Aston Villa,1-1,-
-,-,Queens Park Rangers,Aston Villa,0-1,-
-,-,Sheffield Wednesday,Aston Villa,2-0,-
-,-,Southampton,Aston Villa,0-0,-
-,-,Tottenham Hotspur,Aston Villa,4-2,-
-,-,Watford,Aston Villa,1-1,-
-,-,West Bromwich Albion,Aston Villa,0-3,-
-,-,West Ham United,Aston Villa,4-1,-
-,-,Arsenal,Birmingham City,0-0,-
-,-,Aston Villa,Birmingham City,0-3,-
-,-,Chelsea,Birmingham City,2-0,-
-,-,Coventry City,Birmingham City,4-4,-
-,-,Everton,Birmingham City,4-1,-
-,-,Ipswich Town,Birmingham City,0-1,-
-,-,Leicester City,Birmingham City,4-2,-
-,-,Liverpool,Birmingham City,5-0,-
-,-,Luton Town,Birmingham City,2-0,-
-,-,Manchester City,Birmingham City,1-1,-
-,-,Manchester United,Birmingham City,1-0,-
-,-,Newcastle United,Birmingham City,4-1,-
-,-,Nottingham Forest,Birmingham City,3-0,-
-,-,Oxford United,Birmingham City,0-1,-
-,-,Queens Park Rangers,Birmingham City,3-1,-
-,-,Sheffield Wednesday,Birmingham City,5-1,-
-,-,Southampton,Birmingham City,1-0,-
-,-,Tottenham Hotspur,Birmingham City,2-0,-
-,-,Watford,Birmingham City,3-0,-
-,-,West Bromwich Albion,Birmingham City,2-1,-
-,-,West Ham United,Birmingham City,2-0,-
-,-,Arsenal,Chelsea,2-0,-
-,-,Aston Villa,Chelsea,3-1,-
-,-,Birmingham City,Chelsea,1-2,-
-,-,Coventry City,Chelsea,1-1,-
-,-,Everton,Chelsea,1-1,-
-,-,Ipswich Town,Chelsea,0-2,-
-,-,Leicester City,Chelsea,0-0,-
-,-,Liverpool,Chelsea,1-1,-
-,-,Luton Town,Chelsea,1-1,-
-,-,Manchester City,Chelsea,0-1,-
-,-,Manchester United,Chelsea,1-2,-
-,-,Newcastle United,Chelsea,1-3,-
-,-,Nottingham Forest,Chelsea,0-0,-
-,-,Oxford United,Chelsea,2-1,-
-,-,Queens Park Rangers,Chelsea,6-0,-
-,-,Sheffield Wednesday,Chelsea,1-1,-
-,-,Southampton,Chelsea,0-1,-
-,-,Tottenham Hotspur,Chelsea,4-1,-
-,-,Watford,Chelsea,3-1,-
-,-,West Bromwich Albion,Chelsea,0-3,-
-,-,West Ham United,Chelsea,1-2,-
-,-,Arsenal,Coventry City,3-0,-
-,-,Aston Villa,Coventry City,1-1,-
-,-,Birmingham City,Coventry City,0-1,-
-,-,Chelsea,Coventry City,1-0,-
-,-,Everton,Coventry City,1-1,-
-,-,Ipswich Town,Coventry City,1-0,-
-,-,Leicester City,Coventry City,2-1,-
-,-,Liverpool,Coventry City,5-0,-
-,-,Luton Town,Coventry City,0-1,-
-,-,Manchester City,Coventry City,5-1,-
-,-,Manchester United,Coventry City,2-0,-
-,-,Newcastle United,Coventry City,3-2,-
-,-,Nottingham Forest,Coventry City,5-2,-
-,-,Oxford United,Coventry City,0-1,-
-,-,Queens Park Rangers,Coventry City,0-2,-
-,-,Sheffield Wednesday,Coventry City,2-2,-
-,-,Southampton,Coventry City,1-1,-
-,-,Tottenham Hotspur,Coventry City,0-1,-
-,-,Watford,Coventry City,3-0,-
-,-,West Bromwich Albion,Coventry City,0-0,-
-,-,West Ham United,Coventry City,1-0,-
-,-,Arsenal,Everton,0-1,-
-,-,Aston Villa,Everton,0-0,-
-,-,Birmingham City,Everton,0-2,-
-,-,Chelsea,Everton,2-1,-
-,-,Coventry City,Everton,1-3,-
-,-,Ipswich Town,Everton,3-4,-
-,-,Leicester City,Everton,3-1,-
-,-,Liverpool,Everton,0-2,-
-,-,Luton Town,Everton,2-1,-
-,-,Manchester City,Everton,1-1,-
-,-,Manchester United,Everton,0-0,-
-,-,Newcastle United,Everton,2-2,-
-,-,Nottingham Forest,Everton,0-0,-
-,-,Oxford United,Everton,1-0,-
-,-,Queens Park Rangers,Everton,3-0,-
-,-,Sheffield Wednesday,Everton,1-5,-
-,-,Southampton,Everton,2-3,-
-,-,Tottenham Hotspur,Everton,0-1,-
-,-,Watford,Everton,0-2,-
-,-,West Bromwich Albion,Everton,0-3,-
-,-,West Ham United,Everton,2-1,-
-,-,Arsenal,Ipswich Town,1-0,-
-,-,Aston Villa,Ipswich Town,1-0,-
-,-,Birmingham City,Ipswich Town,0-1,-
-,-,Chelsea,Ipswich Town,1-1,-
-,-,Coventry City,Ipswich Town,0-1,-
-,-,Everton,Ipswich Town,1-0,-
-,-,Leicester City,Ipswich Town,1-0,-
-,-,Liverpool,Ipswich Town,5-0,-
-,-,Luton Town,Ipswich Town,1-0,-
-,-,Manchester City,Ipswich Town,1-1,-
-,-,Manchester United,Ipswich Town,1-0,-
-,-,Newcastle United,Ipswich Town,3-1,-
-,-,Nottingham Forest,Ipswich Town,3-1,-
-,-,Oxford United,Ipswich Town,4-3,-
-,-,Queens Park Rangers,Ipswich Town,1-0,-
-,-,Sheffield Wednesday,Ipswich Town,1-0,-
-,-,Southampton,Ipswich Town,1-0,-
-,-,Tottenham Hotspur,Ipswich Town,2-0,-
-,-,Watford,Ipswich Town,0-0,-
-,-,West Bromwich Albion,Ipswich Town,1-2,-
-,-,West Ham United,Ipswich Town,2-1,-
-,-,Arsenal,Leicester City,1-0,-
-,-,Aston Villa,Leicester City,1-0,-
-,-,Birmingham City,Leicester City,2-1,-
-,-,Chelsea,Leicester City,2-2,-
-,-,Coventry City,Leicester City,3-0,-
-,-,Everton,Leicester City,1-2,-
-,-,Ipswich Town,Leicester City,0-2,-
-,-,Liverpool,Leicester City,1-0,-
-,-,Luton Town,Leicester City,3-1,-
-,-,Manchester City,Leicester City,1-1,-
-,-,Manchester United,Leicester City,4-0,-
-,-,Newcastle United,Leicester City,2-1,-
-,-,Nottingham Forest,Leicester City,4-3,-
-,-,Oxford United,Leicester City,5-0,-
-,-,Queens Park Rangers,Leicester City,2-0,-
-,-,Sheffield Wednesday,Leicester City,1-0,-
-,-,Southampton,Leicester City,0-0,-
-,-,Tottenham Hotspur,Leicester City,1-3,-
-,-,Watford,Leicester City,2-1,-
-,-,West Bromwich Albion,Leicester City,2-2,-
-,-,West Ham United,Leicester City,3-0,-
-,-,Arsenal,Liverpool,2-0,-
-,-,Aston Villa,Liverpool,2-2,-
-,-,Birmingham City,Liverpool,0-2,-
-,-,Chelsea,Liverpool,0-1,-
-,-,Coventry City,Liverpool,0-3,-
-,-,Everton,Liverpool,2-3,-
-,-,Ipswich Town,Liverpool,2-1,-
-,-,Leicester City,Liverpool,0-2,-
-,-,Luton Town,Liverpool,0-1,-
-,-,Manchester City,Liverpool,1-0,-
-,-,Manchester United,Liverpool,1-1,-
-,-,Newcastle United,Liverpool,1-0,-
-,-,Nottingham Forest,Liverpool,1-1,-
-,-,Oxford United,Liverpool,2-2,-
-,-,Queens Park Rangers,Liverpool,2-1,-
-,-,Sheffield Wednesday,Liverpool,0-0,-
-,-,Southampton,Liverpool,1-2,-
-,-,Tottenham Hotspur,Liverpool,1-2,-
-,-,Watford,Liverpool,2-3,-
-,-,West Bromwich Albion,Liverpool,1-2,-
-,-,West Ham United,Liverpool,2-2,-
-,-,Arsenal,Luton Town,2-1,-
-,-,Aston Villa,Luton Town,3-1,-
-,-,Birmingham City,Luton Town,0-2,-
-,-,Chelsea,Luton Town,1-0,-
-,-,Coventry City,Luton Town,1-0,-
-,-,Everton,Luton Town,2-0,-
-,-,Ipswich Town,Luton Town,1-1,-
-,-,Leicester City,Luton Town,0-0,-
-,-,Liverpool,Luton Town,3-2,-
-,-,Manchester City,Luton Town,1-1,-
-,-,Manchester United,Luton Town,2-0,-
-,-,Newcastle United,Luton Town,2-2,-
-,-,Nottingham Forest,Luton Town,2-0,-
-,-,Oxford United,Luton Town,1-1,-
-,-,Queens Park Rangers,Luton Town,1-1,-
-,-,Sheffield Wednesday,Luton Town,3-2,-
-,-,Southampton,Luton Town,1-2,-
-,-,Tottenham Hotspur,Luton Town,1-3,-
-,-,Watford,Luton Town,1-2,-
-,-,West Bromwich Albion,Luton Town,1-2,-
-,-,West Ham United,Luton Town,0-1,-
-,-,Arsenal,Manchester City,1-0,-
-,-,Aston Villa,Manchester City,0-1,-
-,-,Birmingham City,Manchester City,1-0,-
-,-,Chelsea,Manchester City,1-0,-
-,-,Coventry City,Manchester City,1-1,-
-,-,Everton,Manchester City,4-0,-
-,-,Ipswich Town,Manchester City,0-0,-
-,-,Leicester City,Manchester City,1-1,-
-,-,Liverpool,Manchester City,2-0,-
-,-,Luton Town,Manchester City,2-1,-
-,-,Manchester United,Manchester City,2-2,-
-,-,Newcastle United,Manchester City,3-1,-
-,-,Nottingham Forest,Manchester City,0-2,-
-,-,Oxford United,Manchester City,1-0,-
-,-,Queens Park Rangers,Manchester City,0-0,-
-,-,Sheffield Wednesday,Manchester City,3-2,-
-,-,Southampton,Manchester City,3-0,-
-,-,Tottenham Hotspur,Manchester City,0-2,-
-,-,Watford,Manchester City,3-2,-
-,-,West Bromwich Albion,Manchester City,2-3,-
-,-,West Ham United,Manchester City,1-0,-
-,-,Arsenal,Manchester United,1-2,-
-,-,Aston Villa,Manchester United,1-3,-
-,-,Birmingham City,Manchester United,1-1,-
-,-,Chelsea,Manchester United,1-2,-
-,-,Coventry City,Manchester United,1-3,-
-,-,Everton,Manchester United,3-1,-
-,-,Ipswich Town,Manchester United,0-1,-
-,-,Leicester City,Manchester United,3-0,-
-,-,Liverpool,Manchester United,1-1,-
-,-,Luton Town,Manchester United,1-1,-
-,-,Manchester City,Manchester United,0-3,-
-,-,Newcastle United,Manchester United,2-4,-
-,-,Nottingham Forest,Manchester United,1-3,-
-,-,Oxford United,Manchester United,1-3,-
-,-,Queens Park Rangers,Manchester United,1-0,-
-,-,Sheffield Wednesday,Manchester United,1-0,-
-,-,Southampton,Manchester United,1-0,-
-,-,Tottenham Hotspur,Manchester United,0-0,-
-,-,Watford,Manchester United,1-1,-
-,-,West Bromwich Albion,Manchester United,1-5,-
-,-,West Ham United,Manchester United,2-1,-
-,-,Arsenal,Newcastle United,0-0,-
-,-,Aston Villa,Newcastle United,1-2,-
-,-,Birmingham City,Newcastle United,0-1,-
-,-,Chelsea,Newcastle United,1-1,-
-,-,Coventry City,Newcastle United,1-2,-
-,-,Everton,Newcastle United,1-0,-
-,-,Ipswich Town,Newcastle United,2-2,-
-,-,Leicester City,Newcastle United,2-0,-
-,-,Liverpool,Newcastle United,1-1,-
-,-,Luton Town,Newcastle United,2-0,-
-,-,Manchester City,Newcastle United,1-0,-
-,-,Manchester United,Newcastle United,3-0,-
-,-,Nottingham Forest,Newcastle United,1-2,-
-,-,Oxford United,Newcastle United,1-2,-
-,-,Queens Park Rangers,Newcastle United,3-1,-
-,-,Sheffield Wednesday,Newcastle United,2-2,-
-,-,Southampton,Newcastle United,1-1,-
-,-,Tottenham Hotspur,Newcastle United,5-1,-
-,-,Watford,Newcastle United,4-1,-
-,-,West Bromwich Albion,Newcastle United,1-1,-
-,-,West Ham United,Newcastle United,8-1,-
-,-,Arsenal,Nottingham Forest,1-1,-
-,-,Aston Villa,Nottingham Forest,1-2,-
-,-,Birmingham City,Nottingham Forest,0-1,-
-,-,Chelsea,Nottingham Forest,4-2,-
-,-,Coventry City,Nottingham Forest,0-0,-
-,-,Everton,Nottingham Forest,1-1,-
-,-,Ipswich Town,Nottingham Forest,1-0,-
-,-,Leicester City,Nottingham Forest,0-3,-
-,-,Liverpool,Nottingham Forest,2-0,-
-,-,Luton Town,Nottingham Forest,1-1,-
-,-,Manchester City,Nottingham Forest,1-2,-
-,-,Manchester United,Nottingham Forest,2-3,-
-,-,Newcastle United,Nottingham Forest,0-3,-
-,-,Oxford United,Nottingham Forest,1-2,-
-,-,Queens Park Rangers,Nottingham Forest,2-1,-
-,-,Sheffield Wednesday,Nottingham Forest,2-1,-
-,-,Southampton,Nottingham Forest,3-1,-
-,-,Tottenham Hotspur,Nottingham Forest,0-3,-
-,-,Watford,Nottingham Forest,1-1,-
-,-,West Bromwich Albion,Nottingham Forest,1-1,-
-,-,West Ham United,Nottingham Forest,4-2,-
-,-,Arsenal,Oxford United,2-1,-
-,-,Aston Villa,Oxford United,2-0,-
-,-,Birmingham City,Oxford United,3-1,-
-,-,Chelsea,Oxford United,1-4,-
-,-,Coventry City,Oxford United,5-2,-
-,-,Everton,Oxford United,2-0,-
-,-,Ipswich Town,Oxford United,3-2,-
-,-,Leicester City,Oxford United,4-4,-
-,-,Liverpool,Oxford United,6-0,-
-,-,Luton Town,Oxford United,1-2,-
-,-,Manchester City,Oxford United,0-3,-
-,-,Manchester United,Oxford United,3-0,-
-,-,Newcastle United,Oxford United,3-0,-
-,-,Nottingham Forest,Oxford United,1-1,-
-,-,Queens Park Rangers,Oxford United,3-1,-
-,-,Sheffield Wednesday,Oxford United,2-1,-
-,-,Southampton,Oxford United,1-1,-
-,-,Tottenham Hotspur,Oxford United,5-1,-
-,-,Watford,Oxford United,2-2,-
-,-,West Bromwich Albion,Oxford United,1-1,-
-,-,West Ham United,Oxford United,3-1,-
-,-,Arsenal,Queens Park Rangers,3-1,-
-,-,Aston Villa,Queens Park Rangers,1-2,-
-,-,Birmingham City,Queens Park Rangers,2-0,-
-,-,Chelsea,Queens Park Rangers,1-1,-
-,-,Coventry City,Queens Park Rangers,2-1,-
-,-,Everton,Queens Park Rangers,4-3,-
-,-,Ipswich Town,Queens Park Rangers,1-0,-
-,-,Leicester City,Queens Park Rangers,1-4,-
-,-,Liverpool,Queens Park Rangers,4-1,-
-,-,Luton Town,Queens Park Rangers,2-0,-
-,-,Manchester City,Queens Park Rangers,2-0,-
-,-,Manchester United,Queens Park Rangers,2-0,-
-,-,Newcastle United,Queens Park Rangers,3-1,-
-,-,Nottingham Forest,Queens Park Rangers,4-0,-
-,-,Oxford United,Queens Park Rangers,3-3,-
-,-,Sheffield Wednesday,Queens Park Rangers,0-0,-
-,-,Southampton,Queens Park Rangers,3-0,-
-,-,Tottenham Hotspur,Queens Park Rangers,1-1,-
-,-,Watford,Queens Park Rangers,2-0,-
-,-,West Bromwich Albion,Queens Park Rangers,0-1,-
-,-,West Ham United,Queens Park Rangers,3-1,-
-,-,Arsenal,Sheffield Wednesday,1-0,-
-,-,Aston Villa,Sheffield Wednesday,1-1,-
-,-,Birmingham City,Sheffield Wednesday,0-2,-
-,-,Chelsea,Sheffield Wednesday,2-1,-
-,-,Coventry City,Sheffield Wednesday,0-1,-
-,-,Everton,Sheffield Wednesday,3-1,-
-,-,Ipswich Town,Sheffield Wednesday,2-1,-
-,-,Leicester City,Sheffield Wednesday,2-3,-
-,-,Liverpool,Sheffield Wednesday,2-2,-
-,-,Luton Town,Sheffield Wednesday,1-0,-
-,-,Manchester City,Sheffield Wednesday,1-3,-
-,-,Manchester United,Sheffield Wednesday,0-2,-
-,-,Newcastle United,Sheffield Wednesday,4-1,-
-,-,Nottingham Forest,Sheffield Wednesday,0-1,-
-,-,Oxford United,Sheffield Wednesday,0-1,-
-,-,Queens Park Rangers,Sheffield Wednesday,1-1,-
-,-,Southampton,Sheffield Wednesday,2-3,-
-,-,Tottenham Hotspur,Sheffield Wednesday,5-1,-
-,-,Watford,Sheffield Wednesday,2-1,-
-,-,West Bromwich Albion,Sheffield Wednesday,1-1,-
-,-,West Ham United,Sheffield Wednesday,1-0,-
-,-,Arsenal,Southampton,3-2,-
-,-,Aston Villa,Southampton,0-0,-
-,-,Birmingham City,Southampton,0-2,-
-,-,Chelsea,Southampton,2-0,-
-,-,Coventry City,Southampton,3-2,-
-,-,Everton,Southampton,6-1,-
-,-,Ipswich Town,Southampton,1-1,-
-,-,Leicester City,Southampton,2-2,-
-,-,Liverpool,Southampton,1-0,-
-,-,Luton Town,Southampton,7-0,-
-,-,Manchester City,Southampton,1-0,-
-,-,Manchester United,Southampton,1-0,-
-,-,Newcastle United,Southampton,2-1,-
-,-,Nottingham Forest,Southampton,2-1,-
-,-,Oxford United,Southampton,3-0,-
-,-,Queens Park Rangers,Southampton,0-2,-
-,-,Sheffield Wednesday,Southampton,2-1,-
-,-,Tottenham Hotspur,Southampton,5-3,-
-,-,Watford,Southampton,1-1,-
-,-,West Bromwich Albion,Southampton,1-0,-
-,-,West Ham United,Southampton,1-0,-
-,-,Arsenal,Tottenham Hotspur,0-0,-
-,-,Aston Villa,Tottenham Hotspur,1-2,-
-,-,Birmingham City,Tottenham Hotspur,1-2,-
-,-,Chelsea,Tottenham Hotspur,2-0,-
-,-,Coventry City,Tottenham Hotspur,2-3,-
-,-,Everton,Tottenham Hotspur,1-0,-
-,-,Ipswich Town,Tottenham Hotspur,1-0,-
-,-,Leicester City,Tottenham Hotspur,1-4,-
-,-,Liverpool,Tottenham Hotspur,4-1,-
-,-,Luton Town,Tottenham Hotspur,1-1,-
-,-,Manchester City,Tottenham Hotspur,2-1,-
-,-,Manchester United,Tottenham Hotspur,0-0,-
-,-,Newcastle United,Tottenham Hotspur,2-2,-
-,-,Nottingham Forest,Tottenham Hotspur,0-1,-
-,-,Oxford United,Tottenham Hotspur,1-1,-
-,-,Queens Park Rangers,Tottenham Hotspur,2-5,-
-,-,Sheffield Wednesday,Tottenham Hotspur,1-2,-
-,-,Southampton,Tottenham Hotspur,1-0,-
-,-,Watford,Tottenham Hotspur,1-0,-
-,-,West Bromwich Albion,Tottenham Hotspur,1-1,-
-,-,West Ham United,Tottenham Hotspur,2-1,-
-,-,Arsenal,Watford,0-2,-
-,-,Aston Villa,Watford,4-1,-
-,-,Birmingham City,Watford,1-2,-
-,-,Chelsea,Watford,1-5,-
-,-,Coventry City,Watford,0-2,-
-,-,Everton,Watford,4-1,-
-,-,Ipswich Town,Watford,0-0,-
-,-,Leicester City,Watford,2-2,-
-,-,Liverpool,Watford,3-1,-
-,-,Luton Town,Watford,3-2,-
-,-,Manchester City,Watford,0-1,-
-,-,Manchester United,Watford,1-1,-
-,-,Newcastle United,Watford,1-1,-
-,-,Nottingham Forest,Watford,3-2,-
-,-,Oxford United,Watford,1-1,-
-,-,Queens Park Rangers,Watford,2-1,-
-,-,Sheffield Wednesday,Watford,2-1,-
-,-,Southampton,Watford,3-1,-
-,-,Tottenham Hotspur,Watford,4-0,-
-,-,West Bromwich Albion,Watford,3-1,-
-,-,West Ham United,Watford,2-1,-
-,-,Arsenal,West Bromwich Albion,2-2,-
-,-,Aston Villa,West Bromwich Albion,1-1,-
-,-,Birmingham City,West Bromwich Albion,0-1,-
-,-,Chelsea,West Bromwich Albion,3-0,-
-,-,Coventry City,West Bromwich Albion,3-0,-
-,-,Everton,West Bromwich Albion,2-0,-
-,-,Ipswich Town,West Bromwich Albion,1-0,-
-,-,Leicester City,West Bromwich Albion,2-2,-
-,-,Liverpool,West Bromwich Albion,4-1,-
-,-,Luton Town,West Bromwich Albion,3-0,-
-,-,Manchester City,West Bromwich Albion,2-1,-
-,-,Manchester United,West Bromwich Albion,3-0,-
-,-,Newcastle United,West Bromwich Albion,4-1,-
-,-,Nottingham Forest,West Bromwich Albion,2-1,-
-,-,Oxford United,West Bromwich Albion,2-2,-
-,-,Queens Park Rangers,West Bromwich Albion,1-0,-
-,-,Sheffield Wednesday,West Bromwich Albion,1-0,-
-,-,Southampton,West Bromwich Albion,3-1,-
-,-,Tottenham Hotspur,West Bromwich Albion,5-0,-
-,-,Watford,West Bromwich Albion,5-1,-
-,-,West Ham United,West Bromwich Albion,4-0,-
-,-,Arsenal,West Ham United,1-0,-
-,-,Aston Villa,West Ham United,2-1,-
-,-,Birmingham City,West Ham United,1-0,-
-,-,Chelsea,West Ham United,0-4,-
-,-,Coventry City,West Ham United,0-1,-
-,-,Everton,West Ham United,3-1,-
-,-,Ipswich Town,West Ham United,0-1,-
-,-,Leicester City,West Ham United,0-1,-
-,-,Liverpool,West Ham United,3-1,-
-,-,Luton Town,West Ham United,0-0,-
-,-,Manchester City,West Ham United,2-2,-
-,-,Manchester United,West Ham United,2-0,-
-,-,Newcastle United,West Ham United,1-2,-
-,-,Nottingham Forest,West Ham United,2-1,-
-,-,Oxford United,West Ham United,1-2,-
-,-,Queens Park Rangers,West Ham United,0-1,-
-,-,Sheffield Wednesday,West Ham United,2-2,-
-,-,Southampton,West Ham United,1-1,-
-,-,Tottenham Hotspur,West Ham United,1-0,-
-,-,Watford,West Ham United,0-2,-
-,-,West Bromwich Albion,West Ham United,2-3,-
